Hero,Skill Tier,KDA Ratio,"Pick Rate, %","Win Rate, %",Eliminations / 10min,Objective Kills / 10min,Objective Time / 10min,Damage / 10min,Healing / 10min,Deaths / 10min,"Scoped Accuracy, %",Biotic Grenade Kills / 10min,Enemies Slept / 10min,Healing Amplified / 10min,Nano Boost Assists / 10min,Blaster Kills / 10min,Damage Amplified / 10min,Players Resurrected / 10min,Final Blows / 10min,Solo Kills / 10min,"Weapon Accuracy, %","Crit Accuracy, %",Deadeye Kills / 10min,Magnetic Grenade Attaches,Magnetic Grenade Kills / 10min,Swift Strike Resets / 10min,Damage Reflected / 10min,Ultimates Reflected / 10min,Dragonblade Kills / 10min,Kunai Kills / 10min,Effects Cleansed / 10min,Kitsune Rush Assists / 10min,"Secondary Accuracy, %",Biotic Orb Kills / 10min,"Ally Coalescence Efficiency, %","Enemy Coalescence Efficiency, %",Coalescence Kills / 10min,Objective Contest Time / 10min,Charge Kills / 10min,Fire Strike Kills / 10min,Earthshatter Kills / 10min,Long Range Kills / 10min,Storm Arrow Kills / 10min,Recon Assists / 10min,Dragonstrike Kills / 10min,Venom Mine Kills / 10min,"Helix Rocket Accuracy, %",Helix Rocket Kills / 10min,Tactical Visor Kills / 10min,"Charged Volley Accuracy, %",Charged Volley Kills / 10min,Transcendence Healing / 10min,Knockbacks / 10min,Sound Barriers / 10min,"Micro Missile Kills, % / 10min",Call Mech Kills / 10min,Self-Destruct Kills / 10min,Direct Hits,Concussion Mine Kills / 10min,Enemies Trapped / 10min,Coach Gun Kills / 10min,Dynamite Kills / 10min,Bob Kills / 10min,Self Healing / 10min,Low Health Recalls / 10min,Pulse Bombs Stuck / 10min,Pulse Bomb Kills / 10min,Chain Hook Kills / 10min,"Chain Hook Accuracy, %",Whole Hog Kills / 10min,"Primary Accuracy, %",High Energy Kills / 10min,"Average Energy, %",Graviton Surge Kills / 10min,Death Blossom Kills / 10min,Healing Accuracy,Deaths Prevented / 10min,Amp Matrix Assists / 10min,Energy Javelin Kills / 10min,Javelin Spin Kills / 10min,Terra Surge Kills / 10min,"Airtime, %",Barrage Kills / 10min,Accretion Kills / 10min,Overhealth / 10min,Gravitic Flux Kills / 10min,Rocket Punch Kills / 10min,Seismic Slam Kills / 10min,Meteor Strike Kills / 10min,Inspire Uptime,"Icicle Accuracy, % / 10min","Icicle Crit Accuracy, % / 10min",Enemies Frozen / 10min,Blizzard Kills / 10min,Jump Pack Kills / 10min,Primal Rage Kills / 10min,Recon Kills / 10min,Assault Kills / 10min,Tactical Grenade Kills / 10min,Artillery Kills / 10min,Enemies Hacked / 10min,Low Health Teleports / 10min,EMP Kills / 10min,Grappling Claw Kills / 10min,Piledriver Kills / 10min,"Charged Shot Accuracy, %","Charged Crit Accuracy, %",Charged Shot Kills / 10min,Disruptor Shot Kills / 10min,Overclock Kills / 10min,Average Damage Multiplier,Players Teleported / 10min,Sentry Turret Kills / 10min,Hammer Kills / 10min,Turret Kills / 10min,Molten Core Kills / 10min,"Pummel Accuracy, %",Pummel Kills / 10min,Ravenous Vortex Kills / 10min,Annihilation Kills / 10min,"Jagged Blade Accuracy, %",Carnage Kills / 10min,"Wound Uptime, %",Rampage Kills / 10min,"Focusing Beam Accuracy, %",Focusing Beam Kills / 10min,"Sticky Bomb Accuracy, %",Sticky Bomb Kills / 10min,Duplicate Kills / 10min,Role
Ana,All,4.91,7.75,48.73,9.8,3.93,53,2641,7278,6.28,55,4.33,5.33,312.04,2.74,,,,,,,,,,,,,,,,,,,,,,,,,,,,,,,,,,,,,,,,,,,,,,,,,,,,,,,,,,,,,,,,,,,,,,,,,,,,,,,,,,,,,,,,,,,,,,,,,,,,,,,,,,,,,,,,,,,Support
Ana,Bronze,4.29,6.05,47.17,9.12,3.75,53,2483,6819,6.51,53,3.92,5.00,293.00,2.52,,,,,,,,,,,,,,,,,,,,,,,,,,,,,,,,,,,,,,,,,,,,,,,,,,,,,,,,,,,,,,,,,,,,,,,,,,,,,,,,,,,,,,,,,,,,,,,,,,,,,,,,,,,,,,,,,,,Support
Ana,Silver,4.33,5.77,47.27,9.19,3.8,53,2505,6829,6.52,53,3.96,5.04,295.17,2.53,,,,,,,,,,,,,,,,,,,,,,,,,,,,,,,,,,,,,,,,,,,,,,,,,,,,,,,,,,,,,,,,,,,,,,,,,,,,,,,,,,,,,,,,,,,,,,,,,,,,,,,,,,,,,,,,,,,Support
Ana,Gold,4.45,6.01,47.54,9.37,3.86,54,2542,6958,6.47,54,4.07,5.14,299.82,2.59,,,,,,,,,,,,,,,,,,,,,,,,,,,,,,,,,,,,,,,,,,,,,,,,,,,,,,,,,,,,,,,,,,,,,,,,,,,,,,,,,,,,,,,,,,,,,,,,,,,,,,,,,,,,,,,,,,,Support
Ana,Platinum,4.7,7.06,47.94,9.6,3.91,53,2575,7168,6.36,55,4.22,5.27,306.72,2.69,,,,,,,,,,,,,,,,,,,,,,,,,,,,,,,,,,,,,,,,,,,,,,,,,,,,,,,,,,,,,,,,,,,,,,,,,,,,,,,,,,,,,,,,,,,,,,,,,,,,,,,,,,,,,,,,,,,Support
Ana,Diamond,4.87,7.91,48.29,9.78,3.91,52,2605,7306,6.28,55,4.31,5.36,310.11,2.77,,,,,,,,,,,,,,,,,,,,,,,,,,,,,,,,,,,,,,,,,,,,,,,,,,,,,,,,,,,,,,,,,,,,,,,,,,,,,,,,,,,,,,,,,,,,,,,,,,,,,,,,,,,,,,,,,,,Support
Ana,Master,4.84,8.41,48.03,9.83,3.88,51,2619,7314,6.26,56,4.34,5.40,310.51,2.79,,,,,,,,,,,,,,,,,,,,,,,,,,,,,,,,,,,,,,,,,,,,,,,,,,,,,,,,,,,,,,,,,,,,,,,,,,,,,,,,,,,,,,,,,,,,,,,,,,,,,,,,,,,,,,,,,,,Support
Ana,Grandmaster,4.88,8.39,48.26,9.89,3.86,51,2649,7288,6.27,55,4.34,5.40,308.14,2.80,,,,,,,,,,,,,,,,,,,,,,,,,,,,,,,,,,,,,,,,,,,,,,,,,,,,,,,,,,,,,,,,,,,,,,,,,,,,,,,,,,,,,,,,,,,,,,,,,,,,,,,,,,,,,,,,,,,Support
Mercy,All,4.46,7.12,49.84,2.37,0.8,49,507,8727,6.3,,,,,,2.34,665.92,4.89,,,,,,,,,,,,,,,,,,,,,,,,,,,,,,,,,,,,,,,,,,,,,,,,,,,,,,,,,,,,,,,,,,,,,,,,,,,,,,,,,,,,,,,,,,,,,,,,,,,,,,,,,,,,,,,,Support
Mercy,Bronze,3.9,7.13,49.43,2.15,0.78,50,463,8454,6.6,,,,,,2.13,575.76,4.71,,,,,,,,,,,,,,,,,,,,,,,,,,,,,,,,,,,,,,,,,,,,,,,,,,,,,,,,,,,,,,,,,,,,,,,,,,,,,,,,,,,,,,,,,,,,,,,,,,,,,,,,,,,,,,,,Support
Mercy,Silver,3.97,6.54,49.61,2.2,0.79,51,472,8506,6.58,,,,,,2.17,584.73,4.73,,,,,,,,,,,,,,,,,,,,,,,,,,,,,,,,,,,,,,,,,,,,,,,,,,,,,,,,,,,,,,,,,,,,,,,,,,,,,,,,,,,,,,,,,,,,,,,,,,,,,,,,,,,,,,,,Support
Mercy,Gold,4.09,6.47,49.47,2.24,0.8,50,479,8607,6.5,,,,,,2.21,598.78,4.80,,,,,,,,,,,,,,,,,,,,,,,,,,,,,,,,,,,,,,,,,,,,,,,,,,,,,,,,,,,,,,,,,,,,,,,,,,,,,,,,,,,,,,,,,,,,,,,,,,,,,,,,,,,,,,,,Support
Mercy,Platinum,4.29,6.87,49.61,2.3,0.8,50,491,8741,6.37,,,,,,2.27,625.97,4.90,,,,,,,,,,,,,,,,,,,,,,,,,,,,,,,,,,,,,,,,,,,,,,,,,,,,,,,,,,,,,,,,,,,,,,,,,,,,,,,,,,,,,,,,,,,,,,,,,,,,,,,,,,,,,,,,Support
Mercy,Diamond,4.36,8.09,49.43,2.32,0.79,49,497,8755,6.31,,,,,,2.29,648.99,4.93,,,,,,,,,,,,,,,,,,,,,,,,,,,,,,,,,,,,,,,,,,,,,,,,,,,,,,,,,,,,,,,,,,,,,,,,,,,,,,,,,,,,,,,,,,,,,,,,,,,,,,,,,,,,,,,,Support
Mercy,Master,4.29,8.71,49.95,2.33,0.78,48,495,8730,6.31,,,,,,2.29,655.08,4.94,,,,,,,,,,,,,,,,,,,,,,,,,,,,,,,,,,,,,,,,,,,,,,,,,,,,,,,,,,,,,,,,,,,,,,,,,,,,,,,,,,,,,,,,,,,,,,,,,,,,,,,,,,,,,,,,Support
Mercy,Grandmaster,4.24,9.9,50.67,2.34,0.79,48,499,8678,6.34,,,,,,2.31,662.17,4.93,,,,,,,,,,,,,,,,,,,,,,,,,,,,,,,,,,,,,,,,,,,,,,,,,,,,,,,,,,,,,,,,,,,,,,,,,,,,,,,,,,,,,,,,,,,,,,,,,,,,,,,,,,,,,,,,Support
Cassidy,All,2.48,4.31,45.39,18.33,6.35,44,7679,,8.45,,,,,,,,,11.19,2.52,41,8,2.28,58.39,2.26,,,,,,,,,,,,,,,,,,,,,,,,,,,,,,,,,,,,,,,,,,,,,,,,,,,,,,,,,,,,,,,,,,,,,,,,,,,,,,,,,,,,,,,,,,,,,,,,,,,,,,,,,Damage
Cassidy,Bronze,2.25,3.68,45.16,16.99,6.1,46,7056,,8.57,,,,,,,,,10.27,2.41,39,7,2.19,55.45,2.35,,,,,,,,,,,,,,,,,,,,,,,,,,,,,,,,,,,,,,,,,,,,,,,,,,,,,,,,,,,,,,,,,,,,,,,,,,,,,,,,,,,,,,,,,,,,,,,,,,,,,,,,,Damage
Cassidy,Silver,2.27,3.56,45.2,17.06,6.16,47,7075,,8.55,,,,,,,,,10.30,2.40,39,7,2.21,55.90,2.42,,,,,,,,,,,,,,,,,,,,,,,,,,,,,,,,,,,,,,,,,,,,,,,,,,,,,,,,,,,,,,,,,,,,,,,,,,,,,,,,,,,,,,,,,,,,,,,,,,,,,,,,,Damage
Cassidy,Gold,2.33,3.66,45.16,17.43,6.25,46,7242,,8.51,,,,,,,,,10.53,2.43,40,7,2.23,56.74,2.35,,,,,,,,,,,,,,,,,,,,,,,,,,,,,,,,,,,,,,,,,,,,,,,,,,,,,,,,,,,,,,,,,,,,,,,,,,,,,,,,,,,,,,,,,,,,,,,,,,,,,,,,,Damage
Cassidy,Platinum,2.41,4.2,45.28,18.0,6.32,45,7495,,8.47,,,,,,,,,10.94,2.51,41,8,2.27,57.86,2.21,,,,,,,,,,,,,,,,,,,,,,,,,,,,,,,,,,,,,,,,,,,,,,,,,,,,,,,,,,,,,,,,,,,,,,,,,,,,,,,,,,,,,,,,,,,,,,,,,,,,,,,,,Damage
Cassidy,Diamond,2.47,4.79,45.48,18.45,6.33,43,7700,,8.45,,,,,,,,,11.27,2.57,41,8,2.29,58.41,2.09,,,,,,,,,,,,,,,,,,,,,,,,,,,,,,,,,,,,,,,,,,,,,,,,,,,,,,,,,,,,,,,,,,,,,,,,,,,,,,,,,,,,,,,,,,,,,,,,,,,,,,,,,Damage
Cassidy,Master,2.48,4.92,45.57,18.55,6.28,43,7747,,8.48,,,,,,,,,11.36,2.60,41,8,2.28,58.10,2.06,,,,,,,,,,,,,,,,,,,,,,,,,,,,,,,,,,,,,,,,,,,,,,,,,,,,,,,,,,,,,,,,,,,,,,,,,,,,,,,,,,,,,,,,,,,,,,,,,,,,,,,,,Damage
Cassidy,Grandmaster,2.49,4.9,45.81,18.61,6.23,42,7783,,8.5,,,,,,,,,11.43,2.61,41,8,2.26,57.83,2.09,,,,,,,,,,,,,,,,,,,,,,,,,,,,,,,,,,,,,,,,,,,,,,,,,,,,,,,,,,,,,,,,,,,,,,,,,,,,,,,,,,,,,,,,,,,,,,,,,,,,,,,,,Damage
Genji,All,2.76,5.44,49.04,18.46,5.5,56,7026,,8.27,,,,,,,,,10.17,2.31,28,,,,,15.97,1569.92,0.03,3.54,,,,,,,,,,,,,,,,,,,,,,,,,,,,,,,,,,,,,,,,,,,,,,,,,,,,,,,,,,,,,,,,,,,,,,,,,,,,,,,,,,,,,,,,,,,,,,,,,,,,,Damage
Genji,Bronze,2.44,4.21,48.02,16.66,5.25,58,6317,,8.43,,,,,,,,,8.84,2.13,27,,,,,13.61,1511.64,0.04,3.08,,,,,,,,,,,,,,,,,,,,,,,,,,,,,,,,,,,,,,,,,,,,,,,,,,,,,,,,,,,,,,,,,,,,,,,,,,,,,,,,,,,,,,,,,,,,,,,,,,,,,Damage
Genji,Silver,2.45,3.96,47.88,16.74,5.3,58,6357,,8.43,,,,,,,,,8.88,2.12,27,,,,,13.64,1514.17,0.04,3.07,,,,,,,,,,,,,,,,,,,,,,,,,,,,,,,,,,,,,,,,,,,,,,,,,,,,,,,,,,,,,,,,,,,,,,,,,,,,,,,,,,,,,,,,,,,,,,,,,,,,,Damage
Genji,Gold,2.53,4.03,48.17,17.19,5.38,58,6534,,8.37,,,,,,,,,9.19,2.16,27,,,,,14.23,1536.72,0.04,3.17,,,,,,,,,,,,,,,,,,,,,,,,,,,,,,,,,,,,,,,,,,,,,,,,,,,,,,,,,,,,,,,,,,,,,,,,,,,,,,,,,,,,,,,,,,,,,,,,,,,,,Damage
Genji,Platinum,2.64,4.93,48.33,17.93,5.47,57,6818,,8.31,,,,,,,,,9.74,2.26,28,,,,,15.33,1564.62,0.03,3.38,,,,,,,,,,,,,,,,,,,,,,,,,,,,,,,,,,,,,,,,,,,,,,,,,,,,,,,,,,,,,,,,,,,,,,,,,,,,,,,,,,,,,,,,,,,,,,,,,,,,,Damage
Genji,Diamond,2.76,5.87,48.64,18.58,5.52,56,7047,,8.27,,,,,,,,,10.24,2.36,28,,,,,16.30,1579.62,0.03,3.59,,,,,,,,,,,,,,,,,,,,,,,,,,,,,,,,,,,,,,,,,,,,,,,,,,,,,,,,,,,,,,,,,,,,,,,,,,,,,,,,,,,,,,,,,,,,,,,,,,,,,Damage
Genji,Master,2.77,6.17,49.1,18.8,5.5,55,7118,,8.28,,,,,,,,,10.42,2.40,28,,,,,16.62,1592.73,0.03,3.70,,,,,,,,,,,,,,,,,,,,,,,,,,,,,,,,,,,,,,,,,,,,,,,,,,,,,,,,,,,,,,,,,,,,,,,,,,,,,,,,,,,,,,,,,,,,,,,,,,,,,Damage
Genji,Grandmaster,2.82,6.22,49.48,18.9,5.46,54,7133,,8.28,,,,,,,,,10.52,2.43,28,,,,,16.65,1594.53,0.04,3.75,,,,,,,,,,,,,,,,,,,,,,,,,,,,,,,,,,,,,,,,,,,,,,,,,,,,,,,,,,,,,,,,,,,,,,,,,,,,,,,,,,,,,,,,,,,,,,,,,,,,,Damage
Kiriko,All,5.38,3.3,49.92,9.48,3.91,66,2760,7988,5.66,,,,,,,,,,,30,15,,,,,,,,9.41,4.49,19.04,,,,,,,,,,,,,,,,,,,,,,,,,,,,,,,,,,,,,,,,,,,,,,,,,,,,,,,,,,,,,,,,,,,,,,,,,,,,,,,,,,,,,,,,,,,,,,,,,,Support
Kiriko,Bronze,4.87,2.1,48.21,8.32,3.65,66,2432,7597,5.95,,,,,,,,,,,29,14,,,,,,,,8.27,4.14,17.18,,,,,,,,,,,,,,,,,,,,,,,,,,,,,,,,,,,,,,,,,,,,,,,,,,,,,,,,,,,,,,,,,,,,,,,,,,,,,,,,,,,,,,,,,,,,,,,,,,Support
Kiriko,Silver,4.93,2.09,48.69,8.48,3.73,67,2470,7668,5.92,,,,,,,,,,,29,14,,,,,,,,8.42,4.18,17.38,,,,,,,,,,,,,,,,,,,,,,,,,,,,,,,,,,,,,,,,,,,,,,,,,,,,,,,,,,,,,,,,,,,,,,,,,,,,,,,,,,,,,,,,,,,,,,,,,,Support
Kiriko,Gold,5.04,2.26,48.97,8.72,3.79,68,2533,7810,5.83,,,,,,,,,,,29,14,,,,,,,,8.66,4.29,17.90,,,,,,,,,,,,,,,,,,,,,,,,,,,,,,,,,,,,,,,,,,,,,,,,,,,,,,,,,,,,,,,,,,,,,,,,,,,,,,,,,,,,,,,,,,,,,,,,,,Support
Kiriko,Platinum,5.23,2.63,49.56,9.02,3.84,67,2613,7975,5.7,,,,,,,,,,,30,14,,,,,,,,8.95,4.46,18.60,,,,,,,,,,,,,,,,,,,,,,,,,,,,,,,,,,,,,,,,,,,,,,,,,,,,,,,,,,,,,,,,,,,,,,,,,,,,,,,,,,,,,,,,,,,,,,,,,,Support
Kiriko,Diamond,5.36,2.69,49.47,9.26,3.85,65,2693,8032,5.63,,,,,,,,,,,30,15,,,,,,,,9.19,4.58,19.00,,,,,,,,,,,,,,,,,,,,,,,,,,,,,,,,,,,,,,,,,,,,,,,,,,,,,,,,,,,,,,,,,,,,,,,,,,,,,,,,,,,,,,,,,,,,,,,,,,Support
Kiriko,Master,5.32,2.58,49.46,9.31,3.81,64,2725,7976,5.65,,,,,,,,,,,30,15,,,,,,,,9.25,4.60,19.04,,,,,,,,,,,,,,,,,,,,,,,,,,,,,,,,,,,,,,,,,,,,,,,,,,,,,,,,,,,,,,,,,,,,,,,,,,,,,,,,,,,,,,,,,,,,,,,,,,Support
Kiriko,Grandmaster,5.36,2.45,49.79,9.55,3.82,63,2817,7893,5.67,,,,,,,,,,,30,15,,,,,,,,9.49,4.56,19.10,,,,,,,,,,,,,,,,,,,,,,,,,,,,,,,,,,,,,,,,,,,,,,,,,,,,,,,,,,,,,,,,,,,,,,,,,,,,,,,,,,,,,,,,,,,,,,,,,,Support
Moira,All,6.67,3.73,51.04,19.53,8.62,75,5408,8206,6.43,,,,,,,,,,,,,,,,,,,,,,,49,9.41,40,66,4.03,,,,,,,,,,,,,,,,,,,,,,,,,,,,,,,,,,,,,,,,,,,,,,,,,,,,,,,,,,,,,,,,,,,,,,,,,,,,,,,,,,,,,,,,,,,,,Support
Moira,Bronze,6.06,4.07,50.61,18.63,8.46,75,5144,7714,6.67,,,,,,,,,,,,,,,,,,,,,,,47,8.87,40,66,3.71,,,,,,,,,,,,,,,,,,,,,,,,,,,,,,,,,,,,,,,,,,,,,,,,,,,,,,,,,,,,,,,,,,,,,,,,,,,,,,,,,,,,,,,,,,,,,Support
Moira,Silver,6.17,3.91,50.93,18.83,8.55,76,5208,7796,6.64,,,,,,,,,,,,,,,,,,,,,,,47,8.99,40,66,3.77,,,,,,,,,,,,,,,,,,,,,,,,,,,,,,,,,,,,,,,,,,,,,,,,,,,,,,,,,,,,,,,,,,,,,,,,,,,,,,,,,,,,,,,,,,,,,Support
Moira,Gold,6.38,3.78,51.09,19.09,8.62,76,5264,7979,6.55,,,,,,,,,,,,,,,,,,,,,,,48,9.08,41,66,3.88,,,,,,,,,,,,,,,,,,,,,,,,,,,,,,,,,,,,,,,,,,,,,,,,,,,,,,,,,,,,,,,,,,,,,,,,,,,,,,,,,,,,,,,,,,,,,Support
Moira,Platinum,6.58,3.9,51.16,19.37,8.65,75,5326,8187,6.45,,,,,,,,,,,,,,,,,,,,,,,49,9.16,41,66,3.99,,,,,,,,,,,,,,,,,,,,,,,,,,,,,,,,,,,,,,,,,,,,,,,,,,,,,,,,,,,,,,,,,,,,,,,,,,,,,,,,,,,,,,,,,,,,,Support
Moira,Diamond,6.57,4.05,50.77,19.43,8.61,74,5347,8236,6.44,,,,,,,,,,,,,,,,,,,,,,,49,9.22,41,66,4.03,,,,,,,,,,,,,,,,,,,,,,,,,,,,,,,,,,,,,,,,,,,,,,,,,,,,,,,,,,,,,,,,,,,,,,,,,,,,,,,,,,,,,,,,,,,,,Support
Moira,Master,6.44,4.19,51.05,19.33,8.55,74,5322,8162,6.48,,,,,,,,,,,,,,,,,,,,,,,48,9.16,41,66,4.00,,,,,,,,,,,,,,,,,,,,,,,,,,,,,,,,,,,,,,,,,,,,,,,,,,,,,,,,,,,,,,,,,,,,,,,,,,,,,,,,,,,,,,,,,,,,,Support
Moira,Grandmaster,6.35,4.32,51.13,19.29,8.51,74,5325,8090,6.52,,,,,,,,,,,,,,,,,,,,,,,48,9.14,40,66,3.98,,,,,,,,,,,,,,,,,,,,,,,,,,,,,,,,,,,,,,,,,,,,,,,,,,,,,,,,,,,,,,,,,,,,,,,,,,,,,,,,,,,,,,,,,,,,,Support
Reinhardt,All,3.28,3.86,51.8,16.1,5.66,95,7106,,7.82,,,,,,,,,,,,,,,,,,,,,,,,,,,,70,3.56,5.60,3.03,,,,,,,,,,,,,,,,,,,,,,,,,,,,,,,,,,,,,,,,,,,,,,,,,,,,,,,,,,,,,,,,,,,,,,,,,,,,,,,,,,,,,,,,,Tank
Reinhardt,Bronze,2.98,3.7,51.3,15.16,5.52,99,6594,,7.91,,,,,,,,,,,,,,,,,,,,,,,,,,,,73,3.44,5.05,2.76,,,,,,,,,,,,,,,,,,,,,,,,,,,,,,,,,,,,,,,,,,,,,,,,,,,,,,,,,,,,,,,,,,,,,,,,,,,,,,,,,,,,,,,,,Tank
Reinhardt,Silver,3.03,3.63,51.43,15.29,5.58,99,6661,,7.89,,,,,,,,,,,,,,,,,,,,,,,,,,,,73,3.48,5.08,2.78,,,,,,,,,,,,,,,,,,,,,,,,,,,,,,,,,,,,,,,,,,,,,,,,,,,,,,,,,,,,,,,,,,,,,,,,,,,,,,,,,,,,,,,,,Tank
Reinhardt,Gold,3.13,3.72,51.32,15.55,5.62,98,6794,,7.85,,,,,,,,,,,,,,,,,,,,,,,,,,,,72,3.50,5.25,2.86,,,,,,,,,,,,,,,,,,,,,,,,,,,,,,,,,,,,,,,,,,,,,,,,,,,,,,,,,,,,,,,,,,,,,,,,,,,,,,,,,,,,,,,,,Tank
Reinhardt,Platinum,3.19,4.04,51.76,15.85,5.66,96,6969,,7.83,,,,,,,,,,,,,,,,,,,,,,,,,,,,71,3.50,5.48,2.97,,,,,,,,,,,,,,,,,,,,,,,,,,,,,,,,,,,,,,,,,,,,,,,,,,,,,,,,,,,,,,,,,,,,,,,,,,,,,,,,,,,,,,,,,Tank
Reinhardt,Diamond,3.2,4.51,51.54,15.99,5.62,95,7048,,7.83,,,,,,,,,,,,,,,,,,,,,,,,,,,,70,3.49,5.62,3.03,,,,,,,,,,,,,,,,,,,,,,,,,,,,,,,,,,,,,,,,,,,,,,,,,,,,,,,,,,,,,,,,,,,,,,,,,,,,,,,,,,,,,,,,,Tank
Reinhardt,Master,3.17,4.28,51.7,15.94,5.58,94,7014,,7.84,,,,,,,,,,,,,,,,,,,,,,,,,,,,70,3.48,5.60,3.02,,,,,,,,,,,,,,,,,,,,,,,,,,,,,,,,,,,,,,,,,,,,,,,,,,,,,,,,,,,,,,,,,,,,,,,,,,,,,,,,,,,,,,,,,Tank
Reinhardt,Grandmaster,3.13,4.37,51.97,15.92,5.54,94,6987,,7.85,,,,,,,,,,,,,,,,,,,,,,,,,,,,70,3.50,5.57,3.00,,,,,,,,,,,,,,,,,,,,,,,,,,,,,,,,,,,,,,,,,,,,,,,,,,,,,,,,,,,,,,,,,,,,,,,,,,,,,,,,,,,,,,,,,Tank
Hanzo,All,3.41,4.23,47.11,17.51,5.98,39,7555,,7.75,,,,,,,,,11.50,3.14,30,11,,,,,,,,,,,,,,,,,,,,2.48,5.41,2.80,2.18,,,,,,,,,,,,,,,,,,,,,,,,,,,,,,,,,,,,,,,,,,,,,,,,,,,,,,,,,,,,,,,,,,,,,,,,,,,,,,,,,,,,,Damage
Hanzo,Bronze,3.06,3.66,46.37,16.28,5.82,41,7069,,7.81,,,,,,,,,10.58,2.92,29,10,,,,,,,,,,,,,,,,,,,,2.36,5.02,2.56,2.14,,,,,,,,,,,,,,,,,,,,,,,,,,,,,,,,,,,,,,,,,,,,,,,,,,,,,,,,,,,,,,,,,,,,,,,,,,,,,,,,,,,,,Damage
Hanzo,Silver,3.1,3.55,46.45,16.38,5.89,41,7105,,7.8,,,,,,,,,10.65,2.93,29,10,,,,,,,,,,,,,,,,,,,,2.38,5.00,2.56,2.14,,,,,,,,,,,,,,,,,,,,,,,,,,,,,,,,,,,,,,,,,,,,,,,,,,,,,,,,,,,,,,,,,,,,,,,,,,,,,,,,,,,,,Damage
Hanzo,Gold,3.21,3.62,46.75,16.72,5.95,41,7243,,7.77,,,,,,,,,10.89,2.99,29,10,,,,,,,,,,,,,,,,,,,,2.41,5.08,2.63,2.15,,,,,,,,,,,,,,,,,,,,,,,,,,,,,,,,,,,,,,,,,,,,,,,,,,,,,,,,,,,,,,,,,,,,,,,,,,,,,,,,,,,,,Damage
Hanzo,Platinum,3.33,4.09,46.85,17.22,5.99,40,7444,,7.75,,,,,,,,,11.26,3.09,30,11,,,,,,,,,,,,,,,,,,,,2.45,5.28,2.74,2.18,,,,,,,,,,,,,,,,,,,,,,,,,,,,,,,,,,,,,,,,,,,,,,,,,,,,,,,,,,,,,,,,,,,,,,,,,,,,,,,,,,,,,Damage
Hanzo,Diamond,3.35,4.5,46.61,17.58,5.95,39,7590,,7.77,,,,,,,,,11.54,3.17,30,11,,,,,,,,,,,,,,,,,,,,2.47,5.50,2.82,2.20,,,,,,,,,,,,,,,,,,,,,,,,,,,,,,,,,,,,,,,,,,,,,,,,,,,,,,,,,,,,,,,,,,,,,,,,,,,,,,,,,,,,,Damage
Hanzo,Master,3.33,4.6,46.73,17.61,5.89,38,7604,,7.8,,,,,,,,,11.56,3.17,30,11,,,,,,,,,,,,,,,,,,,,2.46,5.62,2.87,2.21,,,,,,,,,,,,,,,,,,,,,,,,,,,,,,,,,,,,,,,,,,,,,,,,,,,,,,,,,,,,,,,,,,,,,,,,,,,,,,,,,,,,,Damage
Hanzo,Grandmaster,3.34,4.63,46.92,17.65,5.84,38,7612,,7.81,,,,,,,,,11.61,3.18,30,11,,,,,,,,,,,,,,,,,,,,2.46,5.71,2.91,2.21,,,,,,,,,,,,,,,,,,,,,,,,,,,,,,,,,,,,,,,,,,,,,,,,,,,,,,,,,,,,,,,,,,,,,,,,,,,,,,,,,,,,,Damage
Widowmaker,All,2.75,4.1,44.83,15.36,3.66,15,5564,,7.55,44,,,,,,,,10.30,4.17,,,,,,,,,,,,,,,,,,,,,,,,3.66,,1.26,,,,,,,,,,,,,,,,,,,,,,,,,,,,,,,,,,,,,,,,,,,,,,,,,,,,,,,,,,,,,,,,,,,,,,,,,,,,,,,,,,,,Damage
Widowmaker,Bronze,2.54,3.55,44.65,14.07,3.54,15,5120,,7.52,44,,,,,,,,9.19,3.74,,,,,,,,,,,,,,,,,,,,,,,,3.39,,1.34,,,,,,,,,,,,,,,,,,,,,,,,,,,,,,,,,,,,,,,,,,,,,,,,,,,,,,,,,,,,,,,,,,,,,,,,,,,,,,,,,,,,Damage
Widowmaker,Silver,2.57,3.41,44.36,14.18,3.55,15,5163,,7.5,44,,,,,,,,9.30,3.79,,,,,,,,,,,,,,,,,,,,,,,,3.42,,1.34,,,,,,,,,,,,,,,,,,,,,,,,,,,,,,,,,,,,,,,,,,,,,,,,,,,,,,,,,,,,,,,,,,,,,,,,,,,,,,,,,,,,Damage
Widowmaker,Gold,2.63,3.3,44.61,14.53,3.6,15,5290,,7.5,44,,,,,,,,9.57,3.89,,,,,,,,,,,,,,,,,,,,,,,,3.48,,1.34,,,,,,,,,,,,,,,,,,,,,,,,,,,,,,,,,,,,,,,,,,,,,,,,,,,,,,,,,,,,,,,,,,,,,,,,,,,,,,,,,,,,Damage
Widowmaker,Platinum,2.68,3.97,44.21,15.04,3.65,15,5456,,7.53,44,,,,,,,,10.01,4.07,,,,,,,,,,,,,,,,,,,,,,,,3.59,,1.30,,,,,,,,,,,,,,,,,,,,,,,,,,,,,,,,,,,,,,,,,,,,,,,,,,,,,,,,,,,,,,,,,,,,,,,,,,,,,,,,,,,,Damage
Widowmaker,Diamond,2.71,4.4,44.97,15.41,3.68,15,5563,,7.6,44,,,,,,,,10.33,4.21,,,,,,,,,,,,,,,,,,,,,,,,3.69,,1.27,,,,,,,,,,,,,,,,,,,,,,,,,,,,,,,,,,,,,,,,,,,,,,,,,,,,,,,,,,,,,,,,,,,,,,,,,,,,,,,,,,,,Damage
Widowmaker,Master,2.69,4.79,45.3,15.49,3.66,15,5581,,7.65,44,,,,,,,,10.41,4.23,,,,,,,,,,,,,,,,,,,,,,,,3.73,,1.26,,,,,,,,,,,,,,,,,,,,,,,,,,,,,,,,,,,,,,,,,,,,,,,,,,,,,,,,,,,,,,,,,,,,,,,,,,,,,,,,,,,,Damage
Widowmaker,Grandmaster,2.72,4.78,45.52,15.75,3.67,15,5651,,7.66,44,,,,,,,,10.63,4.30,,,,,,,,,,,,,,,,,,,,,,,,3.81,,1.25,,,,,,,,,,,,,,,,,,,,,,,,,,,,,,,,,,,,,,,,,,,,,,,,,,,,,,,,,,,,,,,,,,,,,,,,,,,,,,,,,,,,Damage
Soldier: 76,All,3.27,3.2,48.05,20.51,7.74,50,8689,1424,8.22,,,,,,,,,10.66,2.22,34,7,,,,,,,,,,,,,,,,,,,,1.25,,,,,57,7.07,3.47,,,,,,,,,,,,,,,,,,,,,,,,,,,,,,,,,,,,,,,,,,,,,,,,,,,,,,,,,,,,,,,,,,,,,,,,,,,,,,,,,Damage
Soldier: 76,Bronze,2.92,3.13,48.33,19.39,7.68,53,8118,1406,8.48,,,,,,,,,9.91,2.11,32,7,,,,,,,,,,,,,,,,,,,,1.14,,,,,54,6.43,3.28,,,,,,,,,,,,,,,,,,,,,,,,,,,,,,,,,,,,,,,,,,,,,,,,,,,,,,,,,,,,,,,,,,,,,,,,,,,,,,,,,Damage
Soldier: 76,Silver,2.98,3.09,48.26,19.53,7.75,53,8180,1413,8.46,,,,,,,,,9.98,2.11,32,7,,,,,,,,,,,,,,,,,,,,1.13,,,,,55,6.47,3.31,,,,,,,,,,,,,,,,,,,,,,,,,,,,,,,,,,,,,,,,,,,,,,,,,,,,,,,,,,,,,,,,,,,,,,,,,,,,,,,,,Damage
Soldier: 76,Gold,3.07,3.01,48.12,19.91,7.82,53,8355,1424,8.38,,,,,,,,,10.23,2.15,33,7,,,,,,,,,,,,,,,,,,,,1.16,,,,,55,6.67,3.38,,,,,,,,,,,,,,,,,,,,,,,,,,,,,,,,,,,,,,,,,,,,,,,,,,,,,,,,,,,,,,,,,,,,,,,,,,,,,,,,,Damage
Soldier: 76,Platinum,3.18,3.21,48.55,20.35,7.78,50,8573,1432,8.26,,,,,,,,,10.55,2.22,33,7,,,,,,,,,,,,,,,,,,,,1.22,,,,,56,6.93,3.45,,,,,,,,,,,,,,,,,,,,,,,,,,,,,,,,,,,,,,,,,,,,,,,,,,,,,,,,,,,,,,,,,,,,,,,,,,,,,,,,,Damage
Soldier: 76,Diamond,3.21,3.58,48.65,20.56,7.7,49,8683,1436,8.22,,,,,,,,,10.72,2.28,34,7,,,,,,,,,,,,,,,,,,,,1.27,,,,,57,7.09,3.47,,,,,,,,,,,,,,,,,,,,,,,,,,,,,,,,,,,,,,,,,,,,,,,,,,,,,,,,,,,,,,,,,,,,,,,,,,,,,,,,,Damage
Soldier: 76,Master,3.19,3.61,48.78,20.51,7.62,48,8664,1438,8.24,,,,,,,,,10.71,2.28,34,7,,,,,,,,,,,,,,,,,,,,1.29,,,,,56,7.09,3.46,,,,,,,,,,,,,,,,,,,,,,,,,,,,,,,,,,,,,,,,,,,,,,,,,,,,,,,,,,,,,,,,,,,,,,,,,,,,,,,,,Damage
Soldier: 76,Grandmaster,3.17,3.65,49.13,20.45,7.59,48,8641,1435,8.27,,,,,,,,,10.68,2.27,34,7,,,,,,,,,,,,,,,,,,,,1.30,,,,,56,7.05,3.44,,,,,,,,,,,,,,,,,,,,,,,,,,,,,,,,,,,,,,,,,,,,,,,,,,,,,,,,,,,,,,,,,,,,,,,,,,,,,,,,,Damage
Zenyatta,All,5.79,3.33,52.54,14.8,5.86,55,5092,5708,7.08,,,,,,,610.72,,,,26,,,,,,,,,,,,,,,,,,,,,,,,,,,,,23,6.20,1237.14,,,,,,,,,,,,,,,,,,,,,,,,,,,,,,,,,,,,,,,,,,,,,,,,,,,,,,,,,,,,,,,,,,,,,,,,,,,,,,Support
Zenyatta,Bronze,5.2,3.12,51.81,13.78,5.68,55,4701,5545,7.3,,,,,,,610.38,,,,25,,,,,,,,,,,,,,,,,,,,,,,,,,,,,23,5.40,1175.04,,,,,,,,,,,,,,,,,,,,,,,,,,,,,,,,,,,,,,,,,,,,,,,,,,,,,,,,,,,,,,,,,,,,,,,,,,,,,,Support
Zenyatta,Silver,5.25,2.96,51.9,13.89,5.74,56,4737,5562,7.3,,,,,,,616.83,,,,25,,,,,,,,,,,,,,,,,,,,,,,,,,,,,23,5.38,1187.39,,,,,,,,,,,,,,,,,,,,,,,,,,,,,,,,,,,,,,,,,,,,,,,,,,,,,,,,,,,,,,,,,,,,,,,,,,,,,,Support
Zenyatta,Gold,5.4,2.96,52.2,14.14,5.81,56,4827,5615,7.25,,,,,,,611.12,,,,25,,,,,,,,,,,,,,,,,,,,,,,,,,,,,23,5.55,1203.14,,,,,,,,,,,,,,,,,,,,,,,,,,,,,,,,,,,,,,,,,,,,,,,,,,,,,,,,,,,,,,,,,,,,,,,,,,,,,,Support
Zenyatta,Platinum,5.59,3.35,52.18,14.49,5.85,55,4960,5690,7.13,,,,,,,594.73,,,,26,,,,,,,,,,,,,,,,,,,,,,,,,,,,,23,5.93,1225.90,,,,,,,,,,,,,,,,,,,,,,,,,,,,,,,,,,,,,,,,,,,,,,,,,,,,,,,,,,,,,,,,,,,,,,,,,,,,,,Support
Zenyatta,Diamond,5.71,3.73,52.46,14.71,5.84,54,5043,5708,7.06,,,,,,,574.85,,,,26,,,,,,,,,,,,,,,,,,,,,,,,,,,,,23,6.20,1235.01,,,,,,,,,,,,,,,,,,,,,,,,,,,,,,,,,,,,,,,,,,,,,,,,,,,,,,,,,,,,,,,,,,,,,,,,,,,,,,Support
Zenyatta,Master,5.66,3.91,52.46,14.71,5.78,53,5045,5693,7.05,,,,,,,558.63,,,,26,,,,,,,,,,,,,,,,,,,,,,,,,,,,,23,6.27,1226.70,,,,,,,,,,,,,,,,,,,,,,,,,,,,,,,,,,,,,,,,,,,,,,,,,,,,,,,,,,,,,,,,,,,,,,,,,,,,,,Support
Zenyatta,Grandmaster,5.67,3.9,52.39,14.81,5.73,52,5091,5655,7.06,,,,,,,563.26,,,,26,,,,,,,,,,,,,,,,,,,,,,,,,,,,,23,6.39,1218.37,,,,,,,,,,,,,,,,,,,,,,,,,,,,,,,,,,,,,,,,,,,,,,,,,,,,,,,,,,,,,,,,,,,,,,,,,,,,,,Support
Lucio,All,4.25,3.4,52.14,13.51,5.91,91,3776,7200,7.24,,,,,,,,,,,26,8,,,,,,,,,,,,,,,,,,,,,,,,,,,,,,,28.82,10.27,,,,,,,,,,,,,,,,,,,,,,,,,,,,,,,,,,,,,,,,,,,,,,,,,,,,,,,,,,,,,,,,,,,,,,,,,,,,Support
Lucio,Bronze,3.75,3.49,52.22,12.54,5.9,94,3481,7415,7.42,,,,,,,,,,,25,8,,,,,,,,,,,,,,,,,,,,,,,,,,,,,,,24.67,10.26,,,,,,,,,,,,,,,,,,,,,,,,,,,,,,,,,,,,,,,,,,,,,,,,,,,,,,,,,,,,,,,,,,,,,,,,,,,,Support
Lucio,Silver,3.81,3.28,52.22,12.67,5.95,95,3519,7444,7.41,,,,,,,,,,,25,8,,,,,,,,,,,,,,,,,,,,,,,,,,,,,,,25.38,10.29,,,,,,,,,,,,,,,,,,,,,,,,,,,,,,,,,,,,,,,,,,,,,,,,,,,,,,,,,,,,,,,,,,,,,,,,,,,,Support
Lucio,Gold,3.93,3.22,52.42,12.92,5.99,95,3592,7421,7.35,,,,,,,,,,,26,8,,,,,,,,,,,,,,,,,,,,,,,,,,,,,,,26.36,10.32,,,,,,,,,,,,,,,,,,,,,,,,,,,,,,,,,,,,,,,,,,,,,,,,,,,,,,,,,,,,,,,,,,,,,,,,,,,,Support
Lucio,Platinum,4.09,3.55,52.27,13.26,5.98,93,3687,7339,7.28,,,,,,,,,,,26,8,,,,,,,,,,,,,,,,,,,,,,,,,,,,,,,27.46,10.35,,,,,,,,,,,,,,,,,,,,,,,,,,,,,,,,,,,,,,,,,,,,,,,,,,,,,,,,,,,,,,,,,,,,,,,,,,,,Support
Lucio,Diamond,4.14,3.9,52.34,13.42,5.95,91,3740,7245,7.27,,,,,,,,,,,26,8,,,,,,,,,,,,,,,,,,,,,,,,,,,,,,,27.79,10.35,,,,,,,,,,,,,,,,,,,,,,,,,,,,,,,,,,,,,,,,,,,,,,,,,,,,,,,,,,,,,,,,,,,,,,,,,,,,Support
Lucio,Master,4.08,4.09,52.59,13.42,5.92,90,3743,7199,7.28,,,,,,,,,,,26,8,,,,,,,,,,,,,,,,,,,,,,,,,,,,,,,27.51,10.37,,,,,,,,,,,,,,,,,,,,,,,,,,,,,,,,,,,,,,,,,,,,,,,,,,,,,,,,,,,,,,,,,,,,,,,,,,,,Support
Lucio,Grandmaster,4.1,4.07,52.49,13.48,5.89,89,3766,7135,7.29,,,,,,,,,,,26,8,,,,,,,,,,,,,,,,,,,,,,,,,,,,,,,27.67,10.36,,,,,,,,,,,,,,,,,,,,,,,,,,,,,,,,,,,,,,,,,,,,,,,,,,,,,,,,,,,,,,,,,,,,,,,,,,,,Support
D.Va,All,6.72,3.65,50.13,21.08,6.6,93,7065,,5.53,,,,,,,,,,,24,,,,,,,,,,,,,,,,,73,,,,,,,,,,,,,,,,,9.06,2.31,2.31,,,,,,,,,,,,,,,,,,,,,,,,,,,,,,,,,,,,,,,,,,,,,,,,,,,,,,,,,,,,,,,,,,,,,,,,,Tank
D.Va,Bronze,6.05,4.64,50.78,20.2,6.65,96,6644,,5.74,,,,,,,,,,,23,,,,,,,,,,,,,,,,,76,,,,,,,,,,,,,,,,,8.26,2.32,2.32,,,,,,,,,,,,,,,,,,,,,,,,,,,,,,,,,,,,,,,,,,,,,,,,,,,,,,,,,,,,,,,,,,,,,,,,,Tank
D.Va,Silver,6.16,4.3,50.76,20.39,6.7,96,6730,,5.71,,,,,,,,,,,23,,,,,,,,,,,,,,,,,76,,,,,,,,,,,,,,,,,8.45,2.33,2.33,,,,,,,,,,,,,,,,,,,,,,,,,,,,,,,,,,,,,,,,,,,,,,,,,,,,,,,,,,,,,,,,,,,,,,,,,Tank
D.Va,Gold,6.31,4.06,50.73,20.64,6.7,95,6840,,5.66,,,,,,,,,,,23,,,,,,,,,,,,,,,,,75,,,,,,,,,,,,,,,,,8.65,2.32,2.32,,,,,,,,,,,,,,,,,,,,,,,,,,,,,,,,,,,,,,,,,,,,,,,,,,,,,,,,,,,,,,,,,,,,,,,,,Tank
D.Va,Platinum,6.52,4.31,50.96,20.96,6.67,93,6971,,5.58,,,,,,,,,,,24,,,,,,,,,,,,,,,,,74,,,,,,,,,,,,,,,,,8.94,2.32,2.32,,,,,,,,,,,,,,,,,,,,,,,,,,,,,,,,,,,,,,,,,,,,,,,,,,,,,,,,,,,,,,,,,,,,,,,,,Tank
D.Va,Diamond,6.62,4.47,50.89,21.06,6.6,92,7006,,5.53,,,,,,,,,,,24,,,,,,,,,,,,,,,,,73,,,,,,,,,,,,,,,,,9.07,2.31,2.31,,,,,,,,,,,,,,,,,,,,,,,,,,,,,,,,,,,,,,,,,,,,,,,,,,,,,,,,,,,,,,,,,,,,,,,,,Tank
D.Va,Master,6.5,4.64,51.31,20.97,6.57,92,6967,,5.55,,,,,,,,,,,24,,,,,,,,,,,,,,,,,73,,,,,,,,,,,,,,,,,8.98,2.32,2.32,,,,,,,,,,,,,,,,,,,,,,,,,,,,,,,,,,,,,,,,,,,,,,,,,,,,,,,,,,,,,,,,,,,,,,,,,Tank
D.Va,Grandmaster,6.58,4.89,51.48,20.98,6.54,92,6971,,5.55,,,,,,,,,,,24,,,,,,,,,,,,,,,,,73,,,,,,,,,,,,,,,,,9.00,2.31,2.31,,,,,,,,,,,,,,,,,,,,,,,,,,,,,,,,,,,,,,,,,,,,,,,,,,,,,,,,,,,,,,,,,,,,,,,,,Tank
Junkrat,All,2.89,2.73,48.04,17.47,6.42,44,7942,,8.21,,,,,,,,,11.21,3.43,24,,,,,,,,,,,,,,,,,,,,,,,,,,,,,,,,,,,,,15,4.45,4.94,,,,,,,,,,,,,,,,,,,,,,,,,,,,,,,,,,,,,,,,,,,,,,,,,,,,,,,,,,,,,,,,,,,,,,Damage
Junkrat,Bronze,2.65,2.98,48.14,16.69,6.49,46,7549,,8.38,,,,,,,,,10.59,3.25,23,,,,,,,,,,,,,,,,,,,,,,,,,,,,,,,,,,,,,14,4.02,4.89,,,,,,,,,,,,,,,,,,,,,,,,,,,,,,,,,,,,,,,,,,,,,,,,,,,,,,,,,,,,,,,,,,,,,,Damage
Junkrat,Silver,2.7,2.88,48.27,16.86,6.55,47,7627,,8.36,,,,,,,,,10.71,3.27,23,,,,,,,,,,,,,,,,,,,,,,,,,,,,,,,,,,,,,14,4.09,4.91,,,,,,,,,,,,,,,,,,,,,,,,,,,,,,,,,,,,,,,,,,,,,,,,,,,,,,,,,,,,,,,,,,,,,,Damage
Junkrat,Gold,2.78,2.8,48.2,17.11,6.53,46,7761,,8.29,,,,,,,,,10.90,3.33,24,,,,,,,,,,,,,,,,,,,,,,,,,,,,,,,,,,,,,14,4.18,4.95,,,,,,,,,,,,,,,,,,,,,,,,,,,,,,,,,,,,,,,,,,,,,,,,,,,,,,,,,,,,,,,,,,,,,,Damage
Junkrat,Platinum,2.82,2.86,48.19,17.34,6.44,44,7883,,8.24,,,,,,,,,11.10,3.41,24,,,,,,,,,,,,,,,,,,,,,,,,,,,,,,,,,,,,,14,4.31,4.96,,,,,,,,,,,,,,,,,,,,,,,,,,,,,,,,,,,,,,,,,,,,,,,,,,,,,,,,,,,,,,,,,,,,,,Damage
Junkrat,Diamond,2.81,3.07,48.05,17.38,6.34,43,7898,,8.25,,,,,,,,,11.16,3.45,24,,,,,,,,,,,,,,,,,,,,,,,,,,,,,,,,,,,,,14,4.36,4.93,,,,,,,,,,,,,,,,,,,,,,,,,,,,,,,,,,,,,,,,,,,,,,,,,,,,,,,,,,,,,,,,,,,,,,Damage
Junkrat,Master,2.78,3.08,48.34,17.26,6.32,43,7829,,8.28,,,,,,,,,11.06,3.43,23,,,,,,,,,,,,,,,,,,,,,,,,,,,,,,,,,,,,,14,4.33,4.93,,,,,,,,,,,,,,,,,,,,,,,,,,,,,,,,,,,,,,,,,,,,,,,,,,,,,,,,,,,,,,,,,,,,,,Damage
Junkrat,Grandmaster,2.76,3.18,48.37,17.19,6.31,43,7792,,8.31,,,,,,,,,11.01,3.41,23,,,,,,,,,,,,,,,,,,,,,,,,,,,,,,,,,,,,,14,4.34,4.91,,,,,,,,,,,,,,,,,,,,,,,,,,,,,,,,,,,,,,,,,,,,,,,,,,,,,,,,,,,,,,,,,,,,,,Damage
Ashe,All,3.03,2.32,49.72,17.72,6.37,48,8311,,7.29,40,,,,,,,,9.40,1.99,,,,,,,,,,,,,,,,,,,,,,,,,,,,,,,,,,,,,,,,,1.86,5.08,2.94,,,,,,,,,,,,,,,,,,,,,,,,,,,,,,,,,,,,,,,,,,,,,,,,,,,,,,,,,,,,,,,,,,,Damage
Ashe,Bronze,2.78,2.12,49.24,16.54,6.24,50,7662,,7.43,39,,,,,,,,8.65,1.88,,,,,,,,,,,,,,,,,,,,,,,,,,,,,,,,,,,,,,,,,1.85,4.56,2.83,,,,,,,,,,,,,,,,,,,,,,,,,,,,,,,,,,,,,,,,,,,,,,,,,,,,,,,,,,,,,,,,,,,Damage
Ashe,Silver,2.8,2.09,49.24,16.62,6.3,50,7700,,7.4,39,,,,,,,,8.68,1.87,,,,,,,,,,,,,,,,,,,,,,,,,,,,,,,,,,,,,,,,,1.86,4.60,2.84,,,,,,,,,,,,,,,,,,,,,,,,,,,,,,,,,,,,,,,,,,,,,,,,,,,,,,,,,,,,,,,,,,,Damage
Ashe,Gold,2.86,2.08,49.31,17.01,6.39,50,7911,,7.35,40,,,,,,,,8.92,1.91,,,,,,,,,,,,,,,,,,,,,,,,,,,,,,,,,,,,,,,,,1.86,4.78,2.89,,,,,,,,,,,,,,,,,,,,,,,,,,,,,,,,,,,,,,,,,,,,,,,,,,,,,,,,,,,,,,,,,,,Damage
Ashe,Platinum,2.98,2.29,49.76,17.57,6.42,49,8213,,7.3,40,,,,,,,,9.28,1.98,,,,,,,,,,,,,,,,,,,,,,,,,,,,,,,,,,,,,,,,,1.87,5.02,2.94,,,,,,,,,,,,,,,,,,,,,,,,,,,,,,,,,,,,,,,,,,,,,,,,,,,,,,,,,,,,,,,,,,,Damage
Ashe,Diamond,3.0,2.48,49.77,17.99,6.41,47,8438,,7.31,41,,,,,,,,9.59,2.05,,,,,,,,,,,,,,,,,,,,,,,,,,,,,,,,,,,,,,,,,1.89,5.19,2.96,,,,,,,,,,,,,,,,,,,,,,,,,,,,,,,,,,,,,,,,,,,,,,,,,,,,,,,,,,,,,,,,,,,Damage
Ashe,Master,3.01,2.42,49.76,17.99,6.34,47,8450,,7.35,41,,,,,,,,9.62,2.05,,,,,,,,,,,,,,,,,,,,,,,,,,,,,,,,,,,,,,,,,1.91,5.20,2.96,,,,,,,,,,,,,,,,,,,,,,,,,,,,,,,,,,,,,,,,,,,,,,,,,,,,,,,,,,,,,,,,,,,Damage
Ashe,Grandmaster,3.0,2.42,50.12,18.08,6.31,47,8495,,7.38,41,,,,,,,,9.70,2.05,,,,,,,,,,,,,,,,,,,,,,,,,,,,,,,,,,,,,,,,,1.94,5.20,2.97,,,,,,,,,,,,,,,,,,,,,,,,,,,,,,,,,,,,,,,,,,,,,,,,,,,,,,,,,,,,,,,,,,,Damage
Tracer,All,2.83,2.71,46.59,18.52,6.38,56,6473,,8.3,,,,,,,,,8.88,2.45,32,8,,,,,,,,,,,,,,,,,,,,,,,,,,,,,,,,,,,,,,,,,,804.02,4.82,1.54,2.18,,,,,,,,,,,,,,,,,,,,,,,,,,,,,,,,,,,,,,,,,,,,,,,,,,,,,,,,,,,,,,,Damage
Tracer,Bronze,2.56,2.33,46.74,17.29,6.27,58,5944,,8.45,,,,,,,,,8.14,2.34,31,7,,,,,,,,,,,,,,,,,,,,,,,,,,,,,,,,,,,,,,,,,,762.68,4.64,1.43,2.07,,,,,,,,,,,,,,,,,,,,,,,,,,,,,,,,,,,,,,,,,,,,,,,,,,,,,,,,,,,,,,,Damage
Tracer,Silver,2.59,2.21,46.79,17.39,6.32,59,5984,,8.43,,,,,,,,,8.17,2.32,31,8,,,,,,,,,,,,,,,,,,,,,,,,,,,,,,,,,,,,,,,,,,770.23,4.70,1.44,2.09,,,,,,,,,,,,,,,,,,,,,,,,,,,,,,,,,,,,,,,,,,,,,,,,,,,,,,,,,,,,,,,Damage
Tracer,Gold,2.68,2.22,46.49,17.7,6.37,58,6135,,8.37,,,,,,,,,8.34,2.33,31,8,,,,,,,,,,,,,,,,,,,,,,,,,,,,,,,,,,,,,,,,,,780.06,4.75,1.47,2.12,,,,,,,,,,,,,,,,,,,,,,,,,,,,,,,,,,,,,,,,,,,,,,,,,,,,,,,,,,,,,,,Damage
Tracer,Platinum,2.75,2.5,46.8,18.24,6.45,57,6350,,8.34,,,,,,,,,8.69,2.41,32,8,,,,,,,,,,,,,,,,,,,,,,,,,,,,,,,,,,,,,,,,,,795.09,4.81,1.52,2.16,,,,,,,,,,,,,,,,,,,,,,,,,,,,,,,,,,,,,,,,,,,,,,,,,,,,,,,,,,,,,,,Damage
Tracer,Diamond,2.79,2.95,47.05,18.64,6.44,56,6494,,8.33,,,,,,,,,8.98,2.50,32,8,,,,,,,,,,,,,,,,,,,,,,,,,,,,,,,,,,,,,,,,,,803.61,4.87,1.56,2.18,,,,,,,,,,,,,,,,,,,,,,,,,,,,,,,,,,,,,,,,,,,,,,,,,,,,,,,,,,,,,,,Damage
Tracer,Master,2.81,3.11,47.17,18.8,6.41,55,6529,,8.34,,,,,,,,,9.14,2.58,33,8,,,,,,,,,,,,,,,,,,,,,,,,,,,,,,,,,,,,,,,,,,809.95,4.88,1.57,2.19,,,,,,,,,,,,,,,,,,,,,,,,,,,,,,,,,,,,,,,,,,,,,,,,,,,,,,,,,,,,,,,Damage
Tracer,Grandmaster,2.89,3.24,48.17,19.09,6.38,54,6624,,8.31,,,,,,,,,9.40,2.69,33,8,,,,,,,,,,,,,,,,,,,,,,,,,,,,,,,,,,,,,,,,,,813.89,4.88,1.60,2.22,,,,,,,,,,,,,,,,,,,,,,,,,,,,,,,,,,,,,,,,,,,,,,,,,,,,,,,,,,,,,,,Damage
Roadhog,All,4.03,2.65,46.58,18.48,7.11,83,7085,,6.66,,,,,,,,,,,26,,,,,,,,,,,,,,,,,72,,,,,,,,,,,,,,,,,,,,,,,,,,4379.40,,,,9.93,50.39,2.83,,,,,,,,,,,,,,,,,,,,,,,,,,,,,,,,,,,,,,,,,,,,,,,,,,,,,,,,,,,,Tank
Roadhog,Bronze,3.58,2.75,46.48,17.05,6.87,85,6478,,6.87,,,,,,,,,,,25,,,,,,,,,,,,,,,,,74,,,,,,,,,,,,,,,,,,,,,,,,,,4305.55,,,,8.78,49.59,2.60,,,,,,,,,,,,,,,,,,,,,,,,,,,,,,,,,,,,,,,,,,,,,,,,,,,,,,,,,,,,Tank
Roadhog,Silver,3.62,2.62,46.2,17.14,6.95,86,6529,,6.84,,,,,,,,,,,25,,,,,,,,,,,,,,,,,75,,,,,,,,,,,,,,,,,,,,,,,,,,4320.89,,,,8.83,49.68,2.61,,,,,,,,,,,,,,,,,,,,,,,,,,,,,,,,,,,,,,,,,,,,,,,,,,,,,,,,,,,,Tank
Roadhog,Gold,3.77,2.63,46.39,17.55,7.08,86,6680,,6.77,,,,,,,,,,,25,,,,,,,,,,,,,,,,,75,,,,,,,,,,,,,,,,,,,,,,,,,,4339.86,,,,9.18,49.91,2.67,,,,,,,,,,,,,,,,,,,,,,,,,,,,,,,,,,,,,,,,,,,,,,,,,,,,,,,,,,,,Tank
Roadhog,Platinum,3.89,2.92,46.61,18.11,7.1,84,6906,,6.69,,,,,,,,,,,26,,,,,,,,,,,,,,,,,73,,,,,,,,,,,,,,,,,,,,,,,,,,4350.70,,,,9.67,50.25,2.77,,,,,,,,,,,,,,,,,,,,,,,,,,,,,,,,,,,,,,,,,,,,,,,,,,,,,,,,,,,,Tank
Roadhog,Diamond,3.98,3.37,46.93,18.53,7.04,81,7054,,6.66,,,,,,,,,,,26,,,,,,,,,,,,,,,,,71,,,,,,,,,,,,,,,,,,,,,,,,,,4358.86,,,,10.00,50.42,2.85,,,,,,,,,,,,,,,,,,,,,,,,,,,,,,,,,,,,,,,,,,,,,,,,,,,,,,,,,,,,Tank
Roadhog,Master,3.94,3.25,47.06,18.4,6.96,81,7001,,6.7,,,,,,,,,,,26,,,,,,,,,,,,,,,,,70,,,,,,,,,,,,,,,,,,,,,,,,,,4356.55,,,,9.84,50.34,2.84,,,,,,,,,,,,,,,,,,,,,,,,,,,,,,,,,,,,,,,,,,,,,,,,,,,,,,,,,,,,Tank
Roadhog,Grandmaster,3.94,3.27,47.2,18.44,6.93,80,7018,,6.7,,,,,,,,,,,26,,,,,,,,,,,,,,,,,70,,,,,,,,,,,,,,,,,,,,,,,,,,4376.04,,,,9.82,50.52,2.85,,,,,,,,,,,,,,,,,,,,,,,,,,,,,,,,,,,,,,,,,,,,,,,,,,,,,,,,,,,,Tank
Zarya,All,5.21,2.42,49.0,20.07,8.53,93,7811,,6.26,,,,,,,,,,,,,,,,,,,,,,,40,,,,,75,,,,,,,,,,,,,,,,,,,,,,,,,,,,,,,,,41,11.18,33.67,3.29,,,,,,,,,,,,,,,,,,,,,,,,,,,,,,,,,,,,,,,,,,,,,,,,,,,,,,,,Tank
Zarya,Bronze,4.67,2.41,48.62,18.76,8.28,95,7216,,6.46,,,,,,,,,,,,,,,,,,,,,,,39,,,,,76,,,,,,,,,,,,,,,,,,,,,,,,,,,,,,,,,39,9.88,31.40,2.95,,,,,,,,,,,,,,,,,,,,,,,,,,,,,,,,,,,,,,,,,,,,,,,,,,,,,,,,Tank
Zarya,Silver,4.75,2.35,48.65,18.89,8.39,97,7268,,6.45,,,,,,,,,,,,,,,,,,,,,,,39,,,,,77,,,,,,,,,,,,,,,,,,,,,,,,,,,,,,,,,39,9.87,31.37,2.94,,,,,,,,,,,,,,,,,,,,,,,,,,,,,,,,,,,,,,,,,,,,,,,,,,,,,,,,Tank
Zarya,Gold,4.89,2.4,48.52,19.24,8.48,96,7407,,6.39,,,,,,,,,,,,,,,,,,,,,,,40,,,,,77,,,,,,,,,,,,,,,,,,,,,,,,,,,,,,,,,40,10.20,32.01,3.03,,,,,,,,,,,,,,,,,,,,,,,,,,,,,,,,,,,,,,,,,,,,,,,,,,,,,,,,Tank
Zarya,Platinum,5.04,2.66,49.05,19.73,8.51,94,7612,,6.32,,,,,,,,,,,,,,,,,,,,,,,40,,,,,76,,,,,,,,,,,,,,,,,,,,,,,,,,,,,,,,,40,10.81,33.18,3.21,,,,,,,,,,,,,,,,,,,,,,,,,,,,,,,,,,,,,,,,,,,,,,,,,,,,,,,,Tank
Zarya,Diamond,5.17,2.89,49.13,20.08,8.48,91,7753,,6.26,,,,,,,,,,,,,,,,,,,,,,,41,,,,,74,,,,,,,,,,,,,,,,,,,,,,,,,,,,,,,,,41,11.29,33.98,3.35,,,,,,,,,,,,,,,,,,,,,,,,,,,,,,,,,,,,,,,,,,,,,,,,,,,,,,,,Tank
Zarya,Master,5.12,2.93,49.59,20.05,8.41,90,7742,,6.27,,,,,,,,,,,,,,,,,,,,,,,41,,,,,74,,,,,,,,,,,,,,,,,,,,,,,,,,,,,,,,,41,11.33,33.99,3.35,,,,,,,,,,,,,,,,,,,,,,,,,,,,,,,,,,,,,,,,,,,,,,,,,,,,,,,,Tank
Zarya,Grandmaster,5.16,2.84,49.48,20.12,8.38,90,7795,,6.26,,,,,,,,,,,,,,,,,,,,,,,41,,,,,73,,,,,,,,,,,,,,,,,,,,,,,,,,,,,,,,,41,11.41,34.00,3.37,,,,,,,,,,,,,,,,,,,,,,,,,,,,,,,,,,,,,,,,,,,,,,,,,,,,,,,,Tank
Reaper,All,3.2,2.11,49.69,20.4,7.62,62,7703,,8.23,,,,,,,,,11.81,2.87,27,9,,,,,,,,,,,,,,,,,,,,,,,,,,,,,,,,,,,,,,,,,,1237.92,,,,,,,,,,,3.97,,,,,,,,,,,,,,,,,,,,,,,,,,,,,,,,,,,,,,,,,,,,,,,,,,,,,,,Damage
Reaper,Bronze,2.93,2.24,49.66,19.1,7.38,63,7070,,8.38,,,,,,,,,10.87,2.78,26,9,,,,,,,,,,,,,,,,,,,,,,,,,,,,,,,,,,,,,,,,,,1141.79,,,,,,,,,,,3.71,,,,,,,,,,,,,,,,,,,,,,,,,,,,,,,,,,,,,,,,,,,,,,,,,,,,,,,Damage
Reaper,Silver,2.97,2.15,49.75,19.34,7.49,64,7177,,8.33,,,,,,,,,11.02,2.77,26,9,,,,,,,,,,,,,,,,,,,,,,,,,,,,,,,,,,,,,,,,,,1161.65,,,,,,,,,,,3.76,,,,,,,,,,,,,,,,,,,,,,,,,,,,,,,,,,,,,,,,,,,,,,,,,,,,,,,Damage
Reaper,Gold,3.07,2.1,49.74,19.81,7.58,64,7411,,8.28,,,,,,,,,11.36,2.82,26,9,,,,,,,,,,,,,,,,,,,,,,,,,,,,,,,,,,,,,,,,,,1191.13,,,,,,,,,,,3.86,,,,,,,,,,,,,,,,,,,,,,,,,,,,,,,,,,,,,,,,,,,,,,,,,,,,,,,Damage
Reaper,Platinum,3.16,2.27,50.03,20.3,7.65,63,7651,,8.25,,,,,,,,,11.74,2.89,27,9,,,,,,,,,,,,,,,,,,,,,,,,,,,,,,,,,,,,,,,,,,1217.85,,,,,,,,,,,3.95,,,,,,,,,,,,,,,,,,,,,,,,,,,,,,,,,,,,,,,,,,,,,,,,,,,,,,,Damage
Reaper,Diamond,3.13,2.4,49.83,20.31,7.56,61,7678,,8.28,,,,,,,,,11.78,2.92,27,9,,,,,,,,,,,,,,,,,,,,,,,,,,,,,,,,,,,,,,,,,,1212.27,,,,,,,,,,,3.94,,,,,,,,,,,,,,,,,,,,,,,,,,,,,,,,,,,,,,,,,,,,,,,,,,,,,,,Damage
Reaper,Master,3.08,2.37,49.66,20.08,7.5,61,7561,,8.32,,,,,,,,,11.62,2.92,27,9,,,,,,,,,,,,,,,,,,,,,,,,,,,,,,,,,,,,,,,,,,1194.16,,,,,,,,,,,3.90,,,,,,,,,,,,,,,,,,,,,,,,,,,,,,,,,,,,,,,,,,,,,,,,,,,,,,,Damage
Reaper,Grandmaster,3.03,2.39,49.82,19.87,7.44,61,7456,,8.35,,,,,,,,,11.48,2.90,26,9,,,,,,,,,,,,,,,,,,,,,,,,,,,,,,,,,,,,,,,,,,1184.21,,,,,,,,,,,3.85,,,,,,,,,,,,,,,,,,,,,,,,,,,,,,,,,,,,,,,,,,,,,,,,,,,,,,,Damage
Baptiste,All,4.83,2.0,48.67,11.59,4.88,58,3805,8084,6.49,,,,,,,540.71,,,,30,9,,,,,,,,,,,,,,,,,,,,,,,,,,,,,,,,,,,,,,,,,,,,,,,,,,,,,,62.92,2.69,1.74,,,,,,,,,,,,,,,,,,,,,,,,,,,,,,,,,,,,,,,,,,,,,,,,,,,,Support
Baptiste,Bronze,4.11,1.74,47.02,10.57,4.69,61,3467,7464,6.86,,,,,,,471.74,,,,28,8,,,,,,,,,,,,,,,,,,,,,,,,,,,,,,,,,,,,,,,,,,,,,,,,,,,,,,59.73,2.61,1.62,,,,,,,,,,,,,,,,,,,,,,,,,,,,,,,,,,,,,,,,,,,,,,,,,,,,Support
Baptiste,Silver,4.15,1.68,47.23,10.68,4.76,61,3498,7546,6.83,,,,,,,477.04,,,,28,8,,,,,,,,,,,,,,,,,,,,,,,,,,,,,,,,,,,,,,,,,,,,,,,,,,,,,,60.37,2.63,1.63,,,,,,,,,,,,,,,,,,,,,,,,,,,,,,,,,,,,,,,,,,,,,,,,,,,,Support
Baptiste,Gold,4.35,1.77,47.88,10.86,4.8,61,3552,7723,6.74,,,,,,,492.57,,,,29,8,,,,,,,,,,,,,,,,,,,,,,,,,,,,,,,,,,,,,,,,,,,,,,,,,,,,,,61.18,2.65,1.66,,,,,,,,,,,,,,,,,,,,,,,,,,,,,,,,,,,,,,,,,,,,,,,,,,,,Support
Baptiste,Platinum,4.55,1.86,48.02,11.21,4.83,59,3661,7950,6.59,,,,,,,518.36,,,,29,9,,,,,,,,,,,,,,,,,,,,,,,,,,,,,,,,,,,,,,,,,,,,,,,,,,,,,,62.14,2.70,1.72,,,,,,,,,,,,,,,,,,,,,,,,,,,,,,,,,,,,,,,,,,,,,,,,,,,,Support
Baptiste,Diamond,4.73,2.02,48.11,11.46,4.84,57,3750,8080,6.49,,,,,,,540.03,,,,30,9,,,,,,,,,,,,,,,,,,,,,,,,,,,,,,,,,,,,,,,,,,,,,,,,,,,,,,62.67,2.76,1.77,,,,,,,,,,,,,,,,,,,,,,,,,,,,,,,,,,,,,,,,,,,,,,,,,,,,Support
Baptiste,Master,4.68,2.09,48.1,11.61,4.84,57,3817,8039,6.5,,,,,,,549.85,,,,30,8,,,,,,,,,,,,,,,,,,,,,,,,,,,,,,,,,,,,,,,,,,,,,,,,,,,,,,62.50,2.78,1.79,,,,,,,,,,,,,,,,,,,,,,,,,,,,,,,,,,,,,,,,,,,,,,,,,,,,Support
Baptiste,Grandmaster,4.75,2.08,48.43,11.85,4.85,56,3928,8005,6.5,,,,,,,558.82,,,,30,8,,,,,,,,,,,,,,,,,,,,,,,,,,,,,,,,,,,,,,,,,,,,,,,,,,,,,,62.50,2.80,1.80,,,,,,,,,,,,,,,,,,,,,,,,,,,,,,,,,,,,,,,,,,,,,,,,,,,,Support
Orisa,All,3.94,1.66,47.12,17.93,8.27,98,7542,,7.02,,,,,,,,,,,29,,,,,,,,,,,,,,,,,78,,,,,,,,,,,,,,,,,,,,,,,,,,,,,,,,,,,,,,,,,5.86,4.81,3.42,,,,,,,,,,,,,,,,,,,,,,,,,,,,,,,,,,,,,,,,,,,,,,,,,Tank
Orisa,Bronze,3.62,1.89,47.67,17.06,8.19,98,7029,,7.17,,,,,,,,,,,28,,,,,,,,,,,,,,,,,79,,,,,,,,,,,,,,,,,,,,,,,,,,,,,,,,,,,,,,,,,5.22,4.32,3.11,,,,,,,,,,,,,,,,,,,,,,,,,,,,,,,,,,,,,,,,,,,,,,,,,Tank
Orisa,Silver,3.68,1.85,47.77,17.25,8.27,98,7127,,7.16,,,,,,,,,,,28,,,,,,,,,,,,,,,,,79,,,,,,,,,,,,,,,,,,,,,,,,,,,,,,,,,,,,,,,,,5.32,4.45,3.17,,,,,,,,,,,,,,,,,,,,,,,,,,,,,,,,,,,,,,,,,,,,,,,,,Tank
Orisa,Gold,3.75,1.81,47.63,17.49,8.29,98,7276,,7.1,,,,,,,,,,,29,,,,,,,,,,,,,,,,,79,,,,,,,,,,,,,,,,,,,,,,,,,,,,,,,,,,,,,,,,,5.54,4.63,3.28,,,,,,,,,,,,,,,,,,,,,,,,,,,,,,,,,,,,,,,,,,,,,,,,,Tank
Orisa,Platinum,3.87,1.84,47.7,17.77,8.26,97,7407,,7.03,,,,,,,,,,,29,,,,,,,,,,,,,,,,,78,,,,,,,,,,,,,,,,,,,,,,,,,,,,,,,,,,,,,,,,,5.79,4.75,3.40,,,,,,,,,,,,,,,,,,,,,,,,,,,,,,,,,,,,,,,,,,,,,,,,,Tank
Orisa,Diamond,3.85,1.87,47.55,17.81,8.19,96,7394,,7.02,,,,,,,,,,,29,,,,,,,,,,,,,,,,,77,,,,,,,,,,,,,,,,,,,,,,,,,,,,,,,,,,,,,,,,,5.86,4.69,3.41,,,,,,,,,,,,,,,,,,,,,,,,,,,,,,,,,,,,,,,,,,,,,,,,,Tank
Orisa,Master,3.8,1.86,47.87,17.62,8.16,95,7284,,7.05,,,,,,,,,,,29,,,,,,,,,,,,,,,,,77,,,,,,,,,,,,,,,,,,,,,,,,,,,,,,,,,,,,,,,,,5.75,4.55,3.34,,,,,,,,,,,,,,,,,,,,,,,,,,,,,,,,,,,,,,,,,,,,,,,,,Tank
Orisa,Grandmaster,3.75,1.93,48.14,17.57,8.17,96,7231,,7.07,,,,,,,,,,,29,,,,,,,,,,,,,,,,,77,,,,,,,,,,,,,,,,,,,,,,,,,,,,,,,,,,,,,,,,,5.66,4.49,3.30,,,,,,,,,,,,,,,,,,,,,,,,,,,,,,,,,,,,,,,,,,,,,,,,,Tank
Pharah,All,3.42,2.03,48.65,19.83,6.64,36,8303,,8.22,,,,,,,,,11.79,3.07,46,,,,,,,,,,,,,,,,,,,,,1.16,,,,,,,,,,,,,,,,17,,,,,,,,,,,,,,,,,,,,,,,,65.07,3.52,,,,,,,,,,,,,,,,,,,,,,,,,,,,,,,,,,,,,,,,,,,,,,,Damage
Pharah,Bronze,3.13,2.09,48.09,18.33,6.44,37,7690,,8.24,,,,,,,,,10.65,2.90,44,,,,,,,,,,,,,,,,,,,,,1.16,,,,,,,,,,,,,,,,17,,,,,,,,,,,,,,,,,,,,,,,,62.39,3.18,,,,,,,,,,,,,,,,,,,,,,,,,,,,,,,,,,,,,,,,,,,,,,,Damage
Pharah,Silver,3.22,2.02,48.16,18.54,6.51,37,7766,,8.22,,,,,,,,,10.79,2.92,44,,,,,,,,,,,,,,,,,,,,,1.14,,,,,,,,,,,,,,,,17,,,,,,,,,,,,,,,,,,,,,,,,62.77,3.23,,,,,,,,,,,,,,,,,,,,,,,,,,,,,,,,,,,,,,,,,,,,,,,Damage
Pharah,Gold,3.31,2.02,48.5,19.09,6.61,37,7975,,8.21,,,,,,,,,11.20,3.01,45,,,,,,,,,,,,,,,,,,,,,1.15,,,,,,,,,,,,,,,,17,,,,,,,,,,,,,,,,,,,,,,,,63.82,3.34,,,,,,,,,,,,,,,,,,,,,,,,,,,,,,,,,,,,,,,,,,,,,,,Damage
Pharah,Platinum,3.33,2.16,48.72,19.61,6.66,37,8200,,8.22,,,,,,,,,11.61,3.08,46,,,,,,,,,,,,,,,,,,,,,1.16,,,,,,,,,,,,,,,,17,,,,,,,,,,,,,,,,,,,,,,,,64.90,3.46,,,,,,,,,,,,,,,,,,,,,,,,,,,,,,,,,,,,,,,,,,,,,,,Damage
Pharah,Diamond,3.32,2.28,48.52,19.76,6.61,36,8274,,8.24,,,,,,,,,11.75,3.08,46,,,,,,,,,,,,,,,,,,,,,1.18,,,,,,,,,,,,,,,,17,,,,,,,,,,,,,,,,,,,,,,,,65.46,3.51,,,,,,,,,,,,,,,,,,,,,,,,,,,,,,,,,,,,,,,,,,,,,,,Damage
Pharah,Master,3.28,2.35,48.82,19.56,6.53,36,8199,,8.25,,,,,,,,,11.63,3.05,45,,,,,,,,,,,,,,,,,,,,,1.20,,,,,,,,,,,,,,,,17,,,,,,,,,,,,,,,,,,,,,,,,65.12,3.48,,,,,,,,,,,,,,,,,,,,,,,,,,,,,,,,,,,,,,,,,,,,,,,Damage
Pharah,Grandmaster,3.26,2.32,48.58,19.49,6.5,36,8168,,8.25,,,,,,,,,11.58,3.02,45,,,,,,,,,,,,,,,,,,,,,1.21,,,,,,,,,,,,,,,,17,,,,,,,,,,,,,,,,,,,,,,,,64.88,3.45,,,,,,,,,,,,,,,,,,,,,,,,,,,,,,,,,,,,,,,,,,,,,,,Damage
Sigma,All,5.34,1.76,51.77,19.03,8.37,106,8940,,5.48,,,,,,,,,,,50,,,,,,,,,,,,,,,,,73,,,,,,,,,,,,,,,,,,,,,,,,,,,,,,,,,,,,,,,,,,,,,,4.77,1315.08,2.64,,,,,,,,,,,,,,,,,,,,,,,,,,,,,,,,,,,,,,,,,,,,Tank
Sigma,Bronze,4.86,1.73,51.28,17.98,8.42,109,8381,,5.61,,,,,,,,,,,48,,,,,,,,,,,,,,,,,76,,,,,,,,,,,,,,,,,,,,,,,,,,,,,,,,,,,,,,,,,,,,,,4.40,1291.91,2.38,,,,,,,,,,,,,,,,,,,,,,,,,,,,,,,,,,,,,,,,,,,,Tank
Sigma,Silver,4.92,1.7,51.53,18.18,8.51,110,8468,,5.6,,,,,,,,,,,48,,,,,,,,,,,,,,,,,77,,,,,,,,,,,,,,,,,,,,,,,,,,,,,,,,,,,,,,,,,,,,,,4.45,1306.26,2.43,,,,,,,,,,,,,,,,,,,,,,,,,,,,,,,,,,,,,,,,,,,,Tank
Sigma,Gold,5.05,1.73,51.48,18.42,8.5,109,8600,,5.55,,,,,,,,,,,49,,,,,,,,,,,,,,,,,76,,,,,,,,,,,,,,,,,,,,,,,,,,,,,,,,,,,,,,,,,,,,,,4.55,1319.21,2.49,,,,,,,,,,,,,,,,,,,,,,,,,,,,,,,,,,,,,,,,,,,,Tank
Sigma,Platinum,5.19,1.83,51.61,18.75,8.4,106,8781,,5.53,,,,,,,,,,,49,,,,,,,,,,,,,,,,,74,,,,,,,,,,,,,,,,,,,,,,,,,,,,,,,,,,,,,,,,,,,,,,4.67,1329.65,2.58,,,,,,,,,,,,,,,,,,,,,,,,,,,,,,,,,,,,,,,,,,,,Tank
Sigma,Diamond,5.24,1.95,51.51,18.94,8.27,103,8885,,5.52,,,,,,,,,,,50,,,,,,,,,,,,,,,,,72,,,,,,,,,,,,,,,,,,,,,,,,,,,,,,,,,,,,,,,,,,,,,,4.73,1321.29,2.62,,,,,,,,,,,,,,,,,,,,,,,,,,,,,,,,,,,,,,,,,,,,Tank
Sigma,Master,5.19,1.92,51.72,18.91,8.23,103,8860,,5.53,,,,,,,,,,,50,,,,,,,,,,,,,,,,,72,,,,,,,,,,,,,,,,,,,,,,,,,,,,,,,,,,,,,,,,,,,,,,4.73,1313.78,2.61,,,,,,,,,,,,,,,,,,,,,,,,,,,,,,,,,,,,,,,,,,,,Tank
Sigma,Grandmaster,5.21,1.93,51.92,18.95,8.18,102,8890,,5.52,,,,,,,,,,,50,,,,,,,,,,,,,,,,,71,,,,,,,,,,,,,,,,,,,,,,,,,,,,,,,,,,,,,,,,,,,,,,4.75,1304.35,2.62,,,,,,,,,,,,,,,,,,,,,,,,,,,,,,,,,,,,,,,,,,,,Tank
Doomfist,All,3.56,2.03,50.22,17.81,5.49,66,6899,,8.93,,,,,,,,,,,27,,,,,,,,,,,,,,,,,57,,,,,,,,,,,,,,,,,,,,,,,,,,,,,,,,,,,,,,,,,,,,,,,2191.36,,10.29,8.80,2.21,,,,,,,,,,,,,,,,,,,,,,,,,,,,,,,,,,,,,,,,,Tank
Doomfist,Bronze,3.01,1.46,49.12,16.42,5.34,68,6307,,9.19,,,,,,,,,,,25,,,,,,,,,,,,,,,,,59,,,,,,,,,,,,,,,,,,,,,,,,,,,,,,,,,,,,,,,,,,,,,,,2034.84,,9.38,8.22,2.13,,,,,,,,,,,,,,,,,,,,,,,,,,,,,,,,,,,,,,,,,Tank
Doomfist,Silver,3.08,1.42,49.17,16.4,5.4,70,6351,,9.14,,,,,,,,,,,26,,,,,,,,,,,,,,,,,60,,,,,,,,,,,,,,,,,,,,,,,,,,,,,,,,,,,,,,,,,,,,,,,2069.16,,9.40,8.21,2.15,,,,,,,,,,,,,,,,,,,,,,,,,,,,,,,,,,,,,,,,,Tank
Doomfist,Gold,3.17,1.56,49.3,16.7,5.46,70,6500,,9.06,,,,,,,,,,,26,,,,,,,,,,,,,,,,,60,,,,,,,,,,,,,,,,,,,,,,,,,,,,,,,,,,,,,,,,,,,,,,,2119.98,,9.61,8.33,2.17,,,,,,,,,,,,,,,,,,,,,,,,,,,,,,,,,,,,,,,,,Tank
Doomfist,Platinum,3.37,1.86,49.65,17.29,5.48,67,6703,,9.0,,,,,,,,,,,27,,,,,,,,,,,,,,,,,59,,,,,,,,,,,,,,,,,,,,,,,,,,,,,,,,,,,,,,,,,,,,,,,2150.22,,9.99,8.61,2.19,,,,,,,,,,,,,,,,,,,,,,,,,,,,,,,,,,,,,,,,,Tank
Doomfist,Diamond,3.46,2.24,49.91,17.77,5.46,64,6825,,9.02,,,,,,,,,,,27,,,,,,,,,,,,,,,,,57,,,,,,,,,,,,,,,,,,,,,,,,,,,,,,,,,,,,,,,,,,,,,,,2141.46,,10.27,8.84,2.19,,,,,,,,,,,,,,,,,,,,,,,,,,,,,,,,,,,,,,,,,Tank
Doomfist,Master,3.46,2.14,50.2,17.89,5.38,62,6837,,9.05,,,,,,,,,,,27,,,,,,,,,,,,,,,,,56,,,,,,,,,,,,,,,,,,,,,,,,,,,,,,,,,,,,,,,,,,,,,,,2117.35,,10.37,8.91,2.18,,,,,,,,,,,,,,,,,,,,,,,,,,,,,,,,,,,,,,,,,Tank
Doomfist,Grandmaster,3.61,2.12,50.61,18.17,5.35,61,6914,,9.04,,,,,,,,,,,27,,,,,,,,,,,,,,,,,55,,,,,,,,,,,,,,,,,,,,,,,,,,,,,,,,,,,,,,,,,,,,,,,2124.09,,10.61,9.07,2.21,,,,,,,,,,,,,,,,,,,,,,,,,,,,,,,,,,,,,,,,,Tank
Brigitte,All,4.8,1.83,56.1,14.04,5.4,81,3873,7349,7.62,,,,,,,,,,,,,,,,,,,,,,,,,,,,,,,,,,,,,,,,,,,,,,,,,,,,,,,,,,,,,,,,,,,,,,,,,,,1780.25,,,,,32,,,,,,,,,,,,,,,,,,,,,,,,,,,,,,,,,,,,,,,,Support
Brigitte,Bronze,4.26,1.74,55.94,13.23,5.29,83,3591,6917,7.86,,,,,,,,,,,,,,,,,,,,,,,,,,,,,,,,,,,,,,,,,,,,,,,,,,,,,,,,,,,,,,,,,,,,,,,,,,,1700.60,,,,,30,,,,,,,,,,,,,,,,,,,,,,,,,,,,,,,,,,,,,,,,Support
Brigitte,Silver,4.35,1.66,55.94,13.42,5.36,84,3653,6974,7.87,,,,,,,,,,,,,,,,,,,,,,,,,,,,,,,,,,,,,,,,,,,,,,,,,,,,,,,,,,,,,,,,,,,,,,,,,,,1697.36,,,,,30,,,,,,,,,,,,,,,,,,,,,,,,,,,,,,,,,,,,,,,,Support
Brigitte,Gold,4.46,1.64,56.01,13.69,5.42,83,3737,7076,7.82,,,,,,,,,,,,,,,,,,,,,,,,,,,,,,,,,,,,,,,,,,,,,,,,,,,,,,,,,,,,,,,,,,,,,,,,,,,1742.26,,,,,31,,,,,,,,,,,,,,,,,,,,,,,,,,,,,,,,,,,,,,,,Support
Brigitte,Platinum,4.63,1.79,56.08,13.95,5.45,82,3817,7233,7.69,,,,,,,,,,,,,,,,,,,,,,,,,,,,,,,,,,,,,,,,,,,,,,,,,,,,,,,,,,,,,,,,,,,,,,,,,,,1812.46,,,,,32,,,,,,,,,,,,,,,,,,,,,,,,,,,,,,,,,,,,,,,,Support
Brigitte,Diamond,4.69,2.0,56.22,14.03,5.43,81,3841,7320,7.59,,,,,,,,,,,,,,,,,,,,,,,,,,,,,,,,,,,,,,,,,,,,,,,,,,,,,,,,,,,,,,,,,,,,,,,,,,,1864.57,,,,,32,,,,,,,,,,,,,,,,,,,,,,,,,,,,,,,,,,,,,,,,Support
Brigitte,Master,4.67,2.02,56.32,13.98,5.39,80,3829,7326,7.55,,,,,,,,,,,,,,,,,,,,,,,,,,,,,,,,,,,,,,,,,,,,,,,,,,,,,,,,,,,,,,,,,,,,,,,,,,,1877.63,,,,,32,,,,,,,,,,,,,,,,,,,,,,,,,,,,,,,,,,,,,,,,Support
Brigitte,Grandmaster,4.72,2.1,56.36,13.97,5.36,80,3831,7336,7.5,,,,,,,,,,,,,,,,,,,,,,,,,,,,,,,,,,,,,,,,,,,,,,,,,,,,,,,,,,,,,,,,,,,,,,,,,,,1880.21,,,,,32,,,,,,,,,,,,,,,,,,,,,,,,,,,,,,,,,,,,,,,,Support
Mei,All,4.14,1.69,49.57,17.6,7.23,77,5880,,7.31,,,,,,,,,7.32,1.43,43,,,,,,,,,,,,,,,,,,,,,,,,,,,,,,,,,,,,,,,,,,,965.73,,,,,,,,,,,,,,,,,,,,,,,,,,,27,15,7.95,3.44,,,,,,,,,,,,,,,,,,,,,,,,,,,,,,,,,,,,Damage
Mei,Bronze,3.83,1.79,49.47,16.77,7.17,80,5487,,7.42,,,,,,,,,6.86,1.38,41,,,,,,,,,,,,,,,,,,,,,,,,,,,,,,,,,,,,,,,,,,,967.07,,,,,,,,,,,,,,,,,,,,,,,,,,,27,14,7.77,3.31,,,,,,,,,,,,,,,,,,,,,,,,,,,,,,,,,,,,Damage
Mei,Silver,3.93,1.75,49.78,16.99,7.28,80,5568,,7.4,,,,,,,,,6.94,1.37,42,,,,,,,,,,,,,,,,,,,,,,,,,,,,,,,,,,,,,,,,,,,971.21,,,,,,,,,,,,,,,,,,,,,,,,,,,27,14,7.84,3.34,,,,,,,,,,,,,,,,,,,,,,,,,,,,,,,,,,,,Damage
Mei,Gold,4.02,1.67,49.56,17.22,7.28,79,5661,,7.37,,,,,,,,,7.04,1.39,42,,,,,,,,,,,,,,,,,,,,,,,,,,,,,,,,,,,,,,,,,,,968.23,,,,,,,,,,,,,,,,,,,,,,,,,,,27,15,8.04,3.38,,,,,,,,,,,,,,,,,,,,,,,,,,,,,,,,,,,,Damage
Mei,Platinum,4.04,1.75,49.29,17.48,7.22,77,5781,,7.33,,,,,,,,,7.22,1.43,43,,,,,,,,,,,,,,,,,,,,,,,,,,,,,,,,,,,,,,,,,,,964.64,,,,,,,,,,,,,,,,,,,,,,,,,,,27,15,8.20,3.42,,,,,,,,,,,,,,,,,,,,,,,,,,,,,,,,,,,,Damage
Mei,Diamond,4.03,1.82,49.45,17.52,7.11,75,5800,,7.33,,,,,,,,,7.27,1.47,43,,,,,,,,,,,,,,,,,,,,,,,,,,,,,,,,,,,,,,,,,,,954.76,,,,,,,,,,,,,,,,,,,,,,,,,,,27,15,8.23,3.42,,,,,,,,,,,,,,,,,,,,,,,,,,,,,,,,,,,,Damage
Mei,Master,3.94,1.9,49.38,17.36,7.06,75,5736,,7.34,,,,,,,,,7.20,1.47,42,,,,,,,,,,,,,,,,,,,,,,,,,,,,,,,,,,,,,,,,,,,955.54,,,,,,,,,,,,,,,,,,,,,,,,,,,27,15,8.21,3.41,,,,,,,,,,,,,,,,,,,,,,,,,,,,,,,,,,,,Damage
Mei,Grandmaster,3.92,2.04,49.93,17.27,7.05,75,5690,,7.36,,,,,,,,,7.17,1.48,42,,,,,,,,,,,,,,,,,,,,,,,,,,,,,,,,,,,,,,,,,,,956.13,,,,,,,,,,,,,,,,,,,,,,,,,,,27,15,8.17,3.39,,,,,,,,,,,,,,,,,,,,,,,,,,,,,,,,,,,,Damage
Winston,All,4.34,1.68,49.54,19.85,6.85,88,6847,,7.55,,,,,,,,,,,,,,,,,,,,,,,45,,,,,65,,,,,,,,,,,,,,,,,,,,,,,,,,,,,,,,,61,,,,,,,,,,,,,,,,,,,,,,,,6.55,2.07,,,,,,,,,,,,,,,,,,,,,,,,,,,,,,,,,,Tank
Winston,Bronze,3.81,1.54,49.41,18.67,6.86,91,6310,,7.85,,,,,,,,,,,,,,,,,,,,,,,42,,,,,69,,,,,,,,,,,,,,,,,,,,,,,,,,,,,,,,,58,,,,,,,,,,,,,,,,,,,,,,,,5.82,1.89,,,,,,,,,,,,,,,,,,,,,,,,,,,,,,,,,,Tank
Winston,Silver,3.87,1.49,49.13,18.78,6.91,91,6365,,7.85,,,,,,,,,,,,,,,,,,,,,,,42,,,,,70,,,,,,,,,,,,,,,,,,,,,,,,,,,,,,,,,58,,,,,,,,,,,,,,,,,,,,,,,,5.82,1.89,,,,,,,,,,,,,,,,,,,,,,,,,,,,,,,,,,Tank
Winston,Gold,4.0,1.55,49.44,19.13,6.96,91,6505,,7.75,,,,,,,,,,,,,,,,,,,,,,,42,,,,,69,,,,,,,,,,,,,,,,,,,,,,,,,,,,,,,,,59,,,,,,,,,,,,,,,,,,,,,,,,5.97,1.92,,,,,,,,,,,,,,,,,,,,,,,,,,,,,,,,,,Tank
Winston,Platinum,4.17,1.7,49.18,19.59,6.92,89,6682,,7.63,,,,,,,,,,,,,,,,,,,,,,,43,,,,,66,,,,,,,,,,,,,,,,,,,,,,,,,,,,,,,,,60,,,,,,,,,,,,,,,,,,,,,,,,6.27,2.01,,,,,,,,,,,,,,,,,,,,,,,,,,,,,,,,,,Tank
Winston,Diamond,4.24,2.05,49.86,19.85,6.85,86,6781,,7.58,,,,,,,,,,,,,,,,,,,,,,,44,,,,,64,,,,,,,,,,,,,,,,,,,,,,,,,,,,,,,,,61,,,,,,,,,,,,,,,,,,,,,,,,6.55,2.09,,,,,,,,,,,,,,,,,,,,,,,,,,,,,,,,,,Tank
Winston,Master,4.24,1.89,50.32,19.84,6.77,86,6775,,7.59,,,,,,,,,,,,,,,,,,,,,,,45,,,,,64,,,,,,,,,,,,,,,,,,,,,,,,,,,,,,,,,61,,,,,,,,,,,,,,,,,,,,,,,,6.62,2.13,,,,,,,,,,,,,,,,,,,,,,,,,,,,,,,,,,Tank
Winston,Grandmaster,4.27,1.89,50.52,19.89,6.74,85,6821,,7.57,,,,,,,,,,,,,,,,,,,,,,,46,,,,,63,,,,,,,,,,,,,,,,,,,,,,,,,,,,,,,,,61,,,,,,,,,,,,,,,,,,,,,,,,6.71,2.17,,,,,,,,,,,,,,,,,,,,,,,,,,,,,,,,,,Tank
Bastion,All,3.25,1.4,48.73,19.88,7.97,51,9235,,8.17,,,,,,,,,11.28,2.04,24,,,,,,,,,,,,,,,,,,,,,,,,,,,,,,,,,,,,,,,,,,,,,,,,,,,,,,,,,,,,,,,,,,,,,,,,,,,,10.04,11.90,4.72,1.01,,,,,,,,,,,,,,,,,,,,,,,,,,,,,,Damage
Bastion,Bronze,2.93,1.48,48.53,18.93,7.88,52,8664,,8.32,,,,,,,,,10.62,2.02,23,,,,,,,,,,,,,,,,,,,,,,,,,,,,,,,,,,,,,,,,,,,,,,,,,,,,,,,,,,,,,,,,,,,,,,,,,,,,9.37,11.21,4.32,1.07,,,,,,,,,,,,,,,,,,,,,,,,,,,,,,Damage
Bastion,Silver,2.98,1.46,48.51,19.14,7.96,51,8766,,8.3,,,,,,,,,10.75,2.01,23,,,,,,,,,,,,,,,,,,,,,,,,,,,,,,,,,,,,,,,,,,,,,,,,,,,,,,,,,,,,,,,,,,,,,,,,,,,,9.52,11.35,4.37,1.05,,,,,,,,,,,,,,,,,,,,,,,,,,,,,,Damage
Bastion,Gold,3.08,1.37,48.92,19.44,7.99,52,8954,,8.24,,,,,,,,,10.96,2.02,23,,,,,,,,,,,,,,,,,,,,,,,,,,,,,,,,,,,,,,,,,,,,,,,,,,,,,,,,,,,,,,,,,,,,,,,,,,,,9.70,11.58,4.50,1.03,,,,,,,,,,,,,,,,,,,,,,,,,,,,,,Damage
Bastion,Platinum,3.15,1.42,48.84,19.67,7.96,51,9090,,8.19,,,,,,,,,11.16,2.07,23,,,,,,,,,,,,,,,,,,,,,,,,,,,,,,,,,,,,,,,,,,,,,,,,,,,,,,,,,,,,,,,,,,,,,,,,,,,,9.90,11.75,4.63,1.00,,,,,,,,,,,,,,,,,,,,,,,,,,,,,,Damage
Bastion,Diamond,3.16,1.51,48.74,19.74,7.89,50,9122,,8.18,,,,,,,,,11.26,2.10,24,,,,,,,,,,,,,,,,,,,,,,,,,,,,,,,,,,,,,,,,,,,,,,,,,,,,,,,,,,,,,,,,,,,,,,,,,,,,9.99,11.76,4.67,0.99,,,,,,,,,,,,,,,,,,,,,,,,,,,,,,Damage
Bastion,Master,3.14,1.51,48.82,19.6,7.8,50,9050,,8.21,,,,,,,,,11.18,2.11,23,,,,,,,,,,,,,,,,,,,,,,,,,,,,,,,,,,,,,,,,,,,,,,,,,,,,,,,,,,,,,,,,,,,,,,,,,,,,9.91,11.62,4.64,1.00,,,,,,,,,,,,,,,,,,,,,,,,,,,,,,Damage
Bastion,Grandmaster,3.12,1.53,48.8,19.53,7.79,50,8990,,8.23,,,,,,,,,11.14,2.12,23,,,,,,,,,,,,,,,,,,,,,,,,,,,,,,,,,,,,,,,,,,,,,,,,,,,,,,,,,,,,,,,,,,,,,,,,,,,,9.85,11.59,4.60,1.02,,,,,,,,,,,,,,,,,,,,,,,,,,,,,,Damage
Sombra,All,4.9,1.67,43.97,15.63,5.47,42,4663,,6.59,,,,,,,,,6.60,1.64,33,,,,,,,,,,,,,,,,,,,,,,,,,,,,,,,,,,,,,,,,,,,,,,,,,,,,,,,,,,,,,,,,,,,,,,,,,,,,,,,,24.43,0.96,3.53,,,,,,,,,,,,,,,,,,,,,,,,,,,Damage
Sombra,Bronze,4.24,1.84,43.95,14.61,5.28,44,4279,,6.88,,,,,,,,,6.16,1.64,32,,,,,,,,,,,,,,,,,,,,,,,,,,,,,,,,,,,,,,,,,,,,,,,,,,,,,,,,,,,,,,,,,,,,,,,,,,,,,,,,22.82,0.98,3.18,,,,,,,,,,,,,,,,,,,,,,,,,,,Damage
Sombra,Silver,4.33,1.75,44.12,14.76,5.33,44,4315,,6.84,,,,,,,,,6.23,1.63,32,,,,,,,,,,,,,,,,,,,,,,,,,,,,,,,,,,,,,,,,,,,,,,,,,,,,,,,,,,,,,,,,,,,,,,,,,,,,,,,,23.23,0.97,3.21,,,,,,,,,,,,,,,,,,,,,,,,,,,Damage
Sombra,Gold,4.54,1.71,44.29,15.09,5.41,43,4430,,6.74,,,,,,,,,6.35,1.62,33,,,,,,,,,,,,,,,,,,,,,,,,,,,,,,,,,,,,,,,,,,,,,,,,,,,,,,,,,,,,,,,,,,,,,,,,,,,,,,,,23.69,0.94,3.33,,,,,,,,,,,,,,,,,,,,,,,,,,,Damage
Sombra,Platinum,4.71,1.8,44.27,15.46,5.48,43,4578,,6.66,,,,,,,,,6.54,1.65,33,,,,,,,,,,,,,,,,,,,,,,,,,,,,,,,,,,,,,,,,,,,,,,,,,,,,,,,,,,,,,,,,,,,,,,,,,,,,,,,,24.00,0.91,3.50,,,,,,,,,,,,,,,,,,,,,,,,,,,Damage
Sombra,Diamond,4.75,2.0,44.37,15.7,5.47,42,4666,,6.65,,,,,,,,,6.68,1.69,33,,,,,,,,,,,,,,,,,,,,,,,,,,,,,,,,,,,,,,,,,,,,,,,,,,,,,,,,,,,,,,,,,,,,,,,,,,,,,,,,23.90,0.91,3.61,,,,,,,,,,,,,,,,,,,,,,,,,,,Damage
Sombra,Master,4.7,2.03,44.24,15.66,5.44,42,4672,,6.64,,,,,,,,,6.68,1.71,33,,,,,,,,,,,,,,,,,,,,,,,,,,,,,,,,,,,,,,,,,,,,,,,,,,,,,,,,,,,,,,,,,,,,,,,,,,,,,,,,23.67,0.93,3.59,,,,,,,,,,,,,,,,,,,,,,,,,,,Damage
Sombra,Grandmaster,4.69,2.09,44.7,15.62,5.42,42,4656,,6.69,,,,,,,,,6.68,1.73,33,,,,,,,,,,,,,,,,,,,,,,,,,,,,,,,,,,,,,,,,,,,,,,,,,,,,,,,,,,,,,,,,,,,,,,,,,,,,,,,,23.45,0.96,3.58,,,,,,,,,,,,,,,,,,,,,,,,,,,Damage
Wrecking Ball,All,5.39,1.4,51.12,16.89,6.96,100,6861,,6.54,,,,,,,,,,,33,5,,,,,,,,,,,,,,,,82,,,,,,,,,,,,,,,,,,,,,,,,,,,,,,,,,,,,,,,,,,,,,,,,,,,,,,,,,,,,,,,,,,5.81,5.24,,,,,,,,,,,,,,,,,,,,,,,,,Tank
Wrecking Ball,Bronze,4.48,1.22,50.77,15.67,6.94,104,6266,,6.96,,,,,,,,,,,31,6,,,,,,,,,,,,,,,,87,,,,,,,,,,,,,,,,,,,,,,,,,,,,,,,,,,,,,,,,,,,,,,,,,,,,,,,,,,,,,,,,,,4.94,4.56,,,,,,,,,,,,,,,,,,,,,,,,,Tank
Wrecking Ball,Silver,4.55,1.17,50.73,15.74,6.98,105,6321,,6.94,,,,,,,,,,,31,6,,,,,,,,,,,,,,,,87,,,,,,,,,,,,,,,,,,,,,,,,,,,,,,,,,,,,,,,,,,,,,,,,,,,,,,,,,,,,,,,,,,4.90,4.58,,,,,,,,,,,,,,,,,,,,,,,,,Tank
Wrecking Ball,Gold,4.74,1.2,50.64,15.99,7.03,105,6461,,6.8,,,,,,,,,,,31,6,,,,,,,,,,,,,,,,87,,,,,,,,,,,,,,,,,,,,,,,,,,,,,,,,,,,,,,,,,,,,,,,,,,,,,,,,,,,,,,,,,,5.07,4.70,,,,,,,,,,,,,,,,,,,,,,,,,Tank
Wrecking Ball,Platinum,5.01,1.39,51.1,16.42,7.01,103,6664,,6.68,,,,,,,,,,,32,5,,,,,,,,,,,,,,,,85,,,,,,,,,,,,,,,,,,,,,,,,,,,,,,,,,,,,,,,,,,,,,,,,,,,,,,,,,,,,,,,,,,5.41,4.93,,,,,,,,,,,,,,,,,,,,,,,,,Tank
Wrecking Ball,Diamond,5.24,1.69,51.37,16.82,6.96,99,6804,,6.58,,,,,,,,,,,33,5,,,,,,,,,,,,,,,,83,,,,,,,,,,,,,,,,,,,,,,,,,,,,,,,,,,,,,,,,,,,,,,,,,,,,,,,,,,,,,,,,,,5.78,5.15,,,,,,,,,,,,,,,,,,,,,,,,,Tank
Wrecking Ball,Master,5.29,1.62,51.46,17.02,6.92,98,6851,,6.55,,,,,,,,,,,33,5,,,,,,,,,,,,,,,,81,,,,,,,,,,,,,,,,,,,,,,,,,,,,,,,,,,,,,,,,,,,,,,,,,,,,,,,,,,,,,,,,,,5.94,5.27,,,,,,,,,,,,,,,,,,,,,,,,,Tank
Wrecking Ball,Grandmaster,5.52,1.58,51.82,17.21,6.89,96,6889,,6.54,,,,,,,,,,,33,5,,,,,,,,,,,,,,,,80,,,,,,,,,,,,,,,,,,,,,,,,,,,,,,,,,,,,,,,,,,,,,,,,,,,,,,,,,,,,,,,,,,6.15,5.39,,,,,,,,,,,,,,,,,,,,,,,,,Tank
Sojourn,All,3.3,1.06,47.25,19.25,7.32,54,8347,,7.82,,,,,,,,,9.39,1.48,28,,,,,,,,,,,,,,,,,,,,,,,,,,,,,,,,,,,,,,,,,,,,,,,,,,,,,,,,,,,,,,,,,,,,,,,,,,,,,,,,,,,,,50,11,9.16,5.39,2.35,,,,,,,,,,,,,,,,,,,,Damage
Sojourn,Bronze,2.94,0.65,44.44,17.45,7.18,58,7653,,8.1,,,,,,,,,7.95,1.27,27,,,,,,,,,,,,,,,,,,,,,,,,,,,,,,,,,,,,,,,,,,,,,,,,,,,,,,,,,,,,,,,,,,,,,,,,,,,,,,,,,,,,,47,10,7.67,4.94,1.97,,,,,,,,,,,,,,,,,,,,Damage
Sojourn,Silver,2.97,0.67,45.16,17.71,7.26,58,7740,,8.07,,,,,,,,,8.12,1.29,28,,,,,,,,,,,,,,,,,,,,,,,,,,,,,,,,,,,,,,,,,,,,,,,,,,,,,,,,,,,,,,,,,,,,,,,,,,,,,,,,,,,,,48,10,7.82,5.03,2.00,,,,,,,,,,,,,,,,,,,,Damage
Sojourn,Gold,3.09,0.72,45.85,18.18,7.33,57,7943,,7.96,,,,,,,,,8.45,1.34,28,,,,,,,,,,,,,,,,,,,,,,,,,,,,,,,,,,,,,,,,,,,,,,,,,,,,,,,,,,,,,,,,,,,,,,,,,,,,,,,,,,,,,48,10,8.19,5.16,2.09,,,,,,,,,,,,,,,,,,,,Damage
Sojourn,Platinum,3.2,0.79,46.42,18.73,7.31,55,8174,,7.86,,,,,,,,,8.96,1.42,28,,,,,,,,,,,,,,,,,,,,,,,,,,,,,,,,,,,,,,,,,,,,,,,,,,,,,,,,,,,,,,,,,,,,,,,,,,,,,,,,,,,,,49,11,8.74,5.28,2.25,,,,,,,,,,,,,,,,,,,,Damage
Sojourn,Diamond,3.27,0.81,46.5,19.07,7.27,54,8337,,7.82,,,,,,,,,9.33,1.48,28,,,,,,,,,,,,,,,,,,,,,,,,,,,,,,,,,,,,,,,,,,,,,,,,,,,,,,,,,,,,,,,,,,,,,,,,,,,,,,,,,,,,,50,11,9.15,5.35,2.37,,,,,,,,,,,,,,,,,,,,Damage
Sojourn,Master,3.26,0.79,46.87,19.06,7.19,53,8339,,7.86,,,,,,,,,9.37,1.48,28,,,,,,,,,,,,,,,,,,,,,,,,,,,,,,,,,,,,,,,,,,,,,,,,,,,,,,,,,,,,,,,,,,,,,,,,,,,,,,,,,,,,,50,11,9.24,5.32,2.40,,,,,,,,,,,,,,,,,,,,Damage
Sojourn,Grandmaster,3.32,0.76,47.85,19.21,7.16,53,8380,,7.86,,,,,,,,,9.55,1.50,28,,,,,,,,,,,,,,,,,,,,,,,,,,,,,,,,,,,,,,,,,,,,,,,,,,,,,,,,,,,,,,,,,,,,,,,,,,,,,,,,,,,,,50,11,9.42,5.32,2.47,,,,,,,,,,,,,,,,,,,,Damage
Symmetra,All,3.82,1.43,55.23,19.45,8.24,54,7434,,7.61,,,,,,,,,9.05,1.79,,,,,,,,,,,,,33,,,,,,,,,,,,,,,,,,,,,,,,,,,,,,,,,,,,,,40,,,,,,,,,,,,,,,,,,,,,,,,,,,,,,,,,,,,,,,,1.01,14.02,10.19,,,,,,,,,,,,,,,,,Damage
Symmetra,Bronze,3.59,1.6,56.13,18.72,8.25,56,6943,,7.66,,,,,,,,,8.51,1.77,,,,,,,,,,,,,32,,,,,,,,,,,,,,,,,,,,,,,,,,,,,,,,,,,,,,38,,,,,,,,,,,,,,,,,,,,,,,,,,,,,,,,,,,,,,,,0.99,12.25,10.43,,,,,,,,,,,,,,,,,Damage
Symmetra,Silver,3.66,1.57,56.18,18.92,8.33,56,7046,,7.68,,,,,,,,,8.62,1.77,,,,,,,,,,,,,32,,,,,,,,,,,,,,,,,,,,,,,,,,,,,,,,,,,,,,38,,,,,,,,,,,,,,,,,,,,,,,,,,,,,,,,,,,,,,,,0.99,12.45,10.45,,,,,,,,,,,,,,,,,Damage
Symmetra,Gold,3.74,1.47,55.93,19.21,8.35,55,7217,,7.63,,,,,,,,,8.82,1.78,,,,,,,,,,,,,32,,,,,,,,,,,,,,,,,,,,,,,,,,,,,,,,,,,,,,39,,,,,,,,,,,,,,,,,,,,,,,,,,,,,,,,,,,,,,,,0.98,12.91,10.40,,,,,,,,,,,,,,,,,Damage
Symmetra,Platinum,3.75,1.53,55.66,19.38,8.23,54,7381,,7.62,,,,,,,,,9.01,1.80,,,,,,,,,,,,,33,,,,,,,,,,,,,,,,,,,,,,,,,,,,,,,,,,,,,,40,,,,,,,,,,,,,,,,,,,,,,,,,,,,,,,,,,,,,,,,0.97,13.73,10.23,,,,,,,,,,,,,,,,,Damage
Symmetra,Diamond,3.72,1.65,55.73,19.31,8.1,53,7366,,7.63,,,,,,,,,8.99,1.83,,,,,,,,,,,,,33,,,,,,,,,,,,,,,,,,,,,,,,,,,,,,,,,,,,,,40,,,,,,,,,,,,,,,,,,,,,,,,,,,,,,,,,,,,,,,,0.95,14.18,10.09,,,,,,,,,,,,,,,,,Damage
Symmetra,Master,3.65,1.69,55.9,19.13,8.02,53,7279,,7.64,,,,,,,,,8.89,1.84,,,,,,,,,,,,,33,,,,,,,,,,,,,,,,,,,,,,,,,,,,,,,,,,,,,,40,,,,,,,,,,,,,,,,,,,,,,,,,,,,,,,,,,,,,,,,0.94,14.23,10.10,,,,,,,,,,,,,,,,,Damage
Symmetra,Grandmaster,3.63,1.76,55.99,19.08,8.05,53,7212,,7.65,,,,,,,,,8.83,1.84,,,,,,,,,,,,,32,,,,,,,,,,,,,,,,,,,,,,,,,,,,,,,,,,,,,,40,,,,,,,,,,,,,,,,,,,,,,,,,,,,,,,,,,,,,,,,0.94,14.11,10.13,,,,,,,,,,,,,,,,,Damage
Torbjorn,All,3.43,1.35,54.16,19.47,7.64,44,8880,,6.74,,,,,,,,,9.16,2.01,26,7,,,,,,,,,,,,,,,,,,,,,,,,,,,,,,,,,,,,,,,,,,,,,,,,,,,,,,,,,,,,,,,,,,,,,,,,,,,,,,,,,,,,,,,,,,,,2.23,11.56,2.81,,,,,,,,,,,,,,Damage
Torbjorn,Bronze,3.28,1.49,55.17,18.99,7.75,45,8488,,6.83,,,,,,,,,8.81,2.00,24,7,,,,,,,,,,,,,,,,,,,,,,,,,,,,,,,,,,,,,,,,,,,,,,,,,,,,,,,,,,,,,,,,,,,,,,,,,,,,,,,,,,,,,,,,,,,,2.93,11.79,2.70,,,,,,,,,,,,,,Damage
Torbjorn,Silver,3.3,1.44,55.14,19.09,7.81,45,8551,,6.8,,,,,,,,,8.85,2.00,24,7,,,,,,,,,,,,,,,,,,,,,,,,,,,,,,,,,,,,,,,,,,,,,,,,,,,,,,,,,,,,,,,,,,,,,,,,,,,,,,,,,,,,,,,,,,,,2.39,11.79,2.72,,,,,,,,,,,,,,Damage
Torbjorn,Gold,3.36,1.34,54.78,19.26,7.77,45,8674,,6.76,,,,,,,,,8.95,1.99,25,7,,,,,,,,,,,,,,,,,,,,,,,,,,,,,,,,,,,,,,,,,,,,,,,,,,,,,,,,,,,,,,,,,,,,,,,,,,,,,,,,,,,,,,,,,,,,2.22,11.76,2.77,,,,,,,,,,,,,,Damage
Torbjorn,Platinum,3.41,1.41,54.52,19.46,7.68,43,8803,,6.72,,,,,,,,,9.09,2.02,26,7,,,,,,,,,,,,,,,,,,,,,,,,,,,,,,,,,,,,,,,,,,,,,,,,,,,,,,,,,,,,,,,,,,,,,,,,,,,,,,,,,,,,,,,,,,,,2.39,11.74,2.82,,,,,,,,,,,,,,Damage
Torbjorn,Diamond,3.37,1.62,54.65,19.5,7.6,43,8853,,6.74,,,,,,,,,9.12,2.03,26,7,,,,,,,,,,,,,,,,,,,,,,,,,,,,,,,,,,,,,,,,,,,,,,,,,,,,,,,,,,,,,,,,,,,,,,,,,,,,,,,,,,,,,,,,,,,,2.71,11.70,2.83,,,,,,,,,,,,,,Damage
Torbjorn,Master,3.37,1.59,54.73,19.44,7.58,43,8799,,6.78,,,,,,,,,9.08,2.04,26,7,,,,,,,,,,,,,,,,,,,,,,,,,,,,,,,,,,,,,,,,,,,,,,,,,,,,,,,,,,,,,,,,,,,,,,,,,,,,,,,,,,,,,,,,,,,,3.12,11.68,2.82,,,,,,,,,,,,,,Damage
Torbjorn,Grandmaster,3.34,1.62,54.86,19.41,7.57,43,8751,,6.81,,,,,,,,,9.08,2.05,26,7,,,,,,,,,,,,,,,,,,,,,,,,,,,,,,,,,,,,,,,,,,,,,,,,,,,,,,,,,,,,,,,,,,,,,,,,,,,,,,,,,,,,,,,,,,,,3.35,11.70,2.82,,,,,,,,,,,,,,Damage
Ramattra,All,4.6,0.97,52.61,20.11,8.02,110,9412,,6.46,,,,,,,,,,,25,,,,,,,,,,,,,,,,,70,,,,,,,,,,,,,,,,,,,,,,,,,,,,,,,,,,,,,,,,,,,,,,,,,,,,,,,,,,,,,,,,,,,,,,,,,,,,,,,60,12.61,6.07,5.34,,,,,,,,,,Tank
Ramattra,Bronze,4.29,0.65,51.57,19.33,8.15,115,8889,,6.54,,,,,,,,,,,25,,,,,,,,,,,,,,,,,73,,,,,,,,,,,,,,,,,,,,,,,,,,,,,,,,,,,,,,,,,,,,,,,,,,,,,,,,,,,,,,,,,,,,,,,,,,,,,,,57,11.74,5.69,5.00,,,,,,,,,,Tank
Ramattra,Silver,4.36,0.71,51.82,19.55,8.26,115,8988,,6.53,,,,,,,,,,,25,,,,,,,,,,,,,,,,,73,,,,,,,,,,,,,,,,,,,,,,,,,,,,,,,,,,,,,,,,,,,,,,,,,,,,,,,,,,,,,,,,,,,,,,,,,,,,,,,58,11.91,5.69,5.07,,,,,,,,,,Tank
Ramattra,Gold,4.44,0.76,52.33,19.8,8.26,115,9162,,6.48,,,,,,,,,,,25,,,,,,,,,,,,,,,,,73,,,,,,,,,,,,,,,,,,,,,,,,,,,,,,,,,,,,,,,,,,,,,,,,,,,,,,,,,,,,,,,,,,,,,,,,,,,,,,,59,12.19,5.84,5.19,,,,,,,,,,Tank
Ramattra,Platinum,4.53,0.85,52.35,19.93,8.05,112,9358,,6.47,,,,,,,,,,,25,,,,,,,,,,,,,,,,,71,,,,,,,,,,,,,,,,,,,,,,,,,,,,,,,,,,,,,,,,,,,,,,,,,,,,,,,,,,,,,,,,,,,,,,,,,,,,,,,60,12.45,5.99,5.31,,,,,,,,,,Tank
Ramattra,Diamond,4.56,0.81,52.07,19.96,7.91,110,9430,,6.45,,,,,,,,,,,25,,,,,,,,,,,,,,,,,70,,,,,,,,,,,,,,,,,,,,,,,,,,,,,,,,,,,,,,,,,,,,,,,,,,,,,,,,,,,,,,,,,,,,,,,,,,,,,,,61,12.55,6.08,5.32,,,,,,,,,,Tank
Ramattra,Master,4.51,0.73,51.85,19.94,7.86,109,9409,,6.46,,,,,,,,,,,25,,,,,,,,,,,,,,,,,70,,,,,,,,,,,,,,,,,,,,,,,,,,,,,,,,,,,,,,,,,,,,,,,,,,,,,,,,,,,,,,,,,,,,,,,,,,,,,,,60,12.53,6.09,5.29,,,,,,,,,,Tank
Ramattra,Grandmaster,4.56,0.72,52.4,20.06,7.85,109,9415,,6.43,,,,,,,,,,,25,,,,,,,,,,,,,,,,,69,,,,,,,,,,,,,,,,,,,,,,,,,,,,,,,,,,,,,,,,,,,,,,,,,,,,,,,,,,,,,,,,,,,,,,,,,,,,,,,60,12.63,6.15,5.28,,,,,,,,,,Tank
Junker Queen,All,5.42,0.82,52.45,20.15,7.71,108,8849,,6.47,,,,,,,,,,,35,,,,,,,,,,,,,,,,,72,,,,,,,,,,,,,,,,,,,,,,,,,,,,,,,,,,,,,,,,,,,,,,,,,,,,,,,,,,,,,,,,,,,,,,,,,,,,,,,,,,,32,7.32,18,3.60,,,,,,Tank
Junker Queen,Bronze,5.02,0.48,50.67,18.7,7.72,116,8124,,6.59,,,,,,,,,,,34,,,,,,,,,,,,,,,,,75,,,,,,,,,,,,,,,,,,,,,,,,,,,,,,,,,,,,,,,,,,,,,,,,,,,,,,,,,,,,,,,,,,,,,,,,,,,,,,,,,,,31,6.74,17,3.29,,,,,,Tank
Junker Queen,Silver,5.06,0.53,51.01,18.9,7.82,116,8174,,6.57,,,,,,,,,,,34,,,,,,,,,,,,,,,,,76,,,,,,,,,,,,,,,,,,,,,,,,,,,,,,,,,,,,,,,,,,,,,,,,,,,,,,,,,,,,,,,,,,,,,,,,,,,,,,,,,,,31,6.84,17,3.32,,,,,,Tank
Junker Queen,Gold,5.19,0.6,51.93,19.28,7.83,115,8387,,6.52,,,,,,,,,,,35,,,,,,,,,,,,,,,,,75,,,,,,,,,,,,,,,,,,,,,,,,,,,,,,,,,,,,,,,,,,,,,,,,,,,,,,,,,,,,,,,,,,,,,,,,,,,,,,,,,,,31,6.99,18,3.41,,,,,,Tank
Junker Queen,Platinum,5.31,0.69,52.03,19.72,7.76,111,8675,,6.49,,,,,,,,,,,35,,,,,,,,,,,,,,,,,73,,,,,,,,,,,,,,,,,,,,,,,,,,,,,,,,,,,,,,,,,,,,,,,,,,,,,,,,,,,,,,,,,,,,,,,,,,,,,,,,,,,32,7.18,18,3.52,,,,,,Tank
Junker Queen,Diamond,5.4,0.7,51.89,20.05,7.66,107,8869,,6.46,,,,,,,,,,,36,,,,,,,,,,,,,,,,,71,,,,,,,,,,,,,,,,,,,,,,,,,,,,,,,,,,,,,,,,,,,,,,,,,,,,,,,,,,,,,,,,,,,,,,,,,,,,,,,,,,,32,7.29,18,3.60,,,,,,Tank
Junker Queen,Master,5.4,0.62,52.09,20.02,7.61,107,8866,,6.46,,,,,,,,,,,35,,,,,,,,,,,,,,,,,71,,,,,,,,,,,,,,,,,,,,,,,,,,,,,,,,,,,,,,,,,,,,,,,,,,,,,,,,,,,,,,,,,,,,,,,,,,,,,,,,,,,32,7.27,18,3.59,,,,,,Tank
Junker Queen,Grandmaster,5.48,0.61,52.67,20.19,7.57,105,8919,,6.43,,,,,,,,,,,35,,,,,,,,,,,,,,,,,70,,,,,,,,,,,,,,,,,,,,,,,,,,,,,,,,,,,,,,,,,,,,,,,,,,,,,,,,,,,,,,,,,,,,,,,,,,,,,,,,,,,32,7.32,18,3.62,,,,,,Tank
Echo,All,3.08,0.97,50.53,19.45,6.69,55,8325,,7.82,,,,,,,,,10.49,1.94,26,,,,,,,,,,,,,,,,,,,,,,,,,,,,,,,,,,,,,,,,,,,,,,,,,,,,,,,,,,,,,,,,,,,,,,,,,,,,,,,,,,,,,,,,,,,,,,,,,,,,,,,,38.18,7.56,26,8.89,3.61,Damage
Echo,Bronze,2.7,0.78,49.51,17.89,6.64,58,7658,,8.1,,,,,,,,,9.28,1.77,24,,,,,,,,,,,,,,,,,,,,,,,,,,,,,,,,,,,,,,,,,,,,,,,,,,,,,,,,,,,,,,,,,,,,,,,,,,,,,,,,,,,,,,,,,,,,,,,,,,,,,,,,36.88,6.58,25,8.10,3.23,Damage
Echo,Silver,2.79,0.79,49.74,18.13,6.72,59,7735,,8.04,,,,,,,,,9.45,1.79,25,,,,,,,,,,,,,,,,,,,,,,,,,,,,,,,,,,,,,,,,,,,,,,,,,,,,,,,,,,,,,,,,,,,,,,,,,,,,,,,,,,,,,,,,,,,,,,,,,,,,,,,,37.00,6.75,25,8.24,3.26,Damage
Echo,Gold,2.86,0.81,50.03,18.56,6.75,58,7922,,7.95,,,,,,,,,9.76,1.83,25,,,,,,,,,,,,,,,,,,,,,,,,,,,,,,,,,,,,,,,,,,,,,,,,,,,,,,,,,,,,,,,,,,,,,,,,,,,,,,,,,,,,,,,,,,,,,,,,,,,,,,,,37.41,7.02,26,8.46,3.35,Damage
Echo,Platinum,2.95,0.88,50.41,19.12,6.76,57,8200,,7.86,,,,,,,,,10.20,1.90,26,,,,,,,,,,,,,,,,,,,,,,,,,,,,,,,,,,,,,,,,,,,,,,,,,,,,,,,,,,,,,,,,,,,,,,,,,,,,,,,,,,,,,,,,,,,,,,,,,,,,,,,,38.21,7.31,26,8.71,3.52,Damage
Echo,Diamond,3.07,0.95,50.5,19.48,6.72,55,8400,,7.8,,,,,,,,,10.47,1.93,26,,,,,,,,,,,,,,,,,,,,,,,,,,,,,,,,,,,,,,,,,,,,,,,,,,,,,,,,,,,,,,,,,,,,,,,,,,,,,,,,,,,,,,,,,,,,,,,,,,,,,,,,39.06,7.44,26,8.84,3.66,Damage
Echo,Master,3.06,0.94,50.92,19.52,6.63,54,8457,,7.82,,,,,,,,,10.53,1.93,26,,,,,,,,,,,,,,,,,,,,,,,,,,,,,,,,,,,,,,,,,,,,,,,,,,,,,,,,,,,,,,,,,,,,,,,,,,,,,,,,,,,,,,,,,,,,,,,,,,,,,,,,39.33,7.41,26,8.81,3.72,Damage
Echo,Grandmaster,3.08,0.92,51.16,19.73,6.61,54,8537,,7.83,,,,,,,,,10.73,1.95,26,,,,,,,,,,,,,,,,,,,,,,,,,,,,,,,,,,,,,,,,,,,,,,,,,,,,,,,,,,,,,,,,,,,,,,,,,,,,,,,,,,,,,,,,,,,,,,,,,,,,,,,,39.51,7.50,27,8.88,3.79,Damage
