Hero,Skill Tier,KDA Ratio,"Pick Rate, %","Win Rate, %",Eliminations / 10min,Objective Kills / 10min,Objective Time / 10min,Damage / 10min,Healing / 10min,Deaths / 10min,"Scoped Accuracy, %",Biotic Grenade Kills / 10min,Enemies Slept / 10min,Healing Amplified / 10min,Nano Boost Assists / 10min,Blaster Kills / 10min,Damage Amplified / 10min,Players Resurrected / 10min,Final Blows / 10min,Solo Kills / 10min,"Weapon Accuracy, %",Swift Strike Resets / 10min,Damage Reflected / 10min,Ultimates Reflected / 10min,Dragonblade Kills / 10min,"Crit Accuracy, %",Deadeye Kills / 10min,Magnetic Grenade Attaches,Magnetic Grenade Kills / 10min,Kunai Kills / 10min,Effects Cleansed / 10min,Kitsune Rush Assists / 10min,Long Range Kills / 10min,Storm Arrow Kills / 10min,Recon Assists / 10min,Dragonstrike Kills / 10min,"Secondary Accuracy, %",Biotic Orb Kills / 10min,"Ally Coalescence Efficiency, %","Enemy Coalescence Efficiency, %",Coalescence Kills / 10min,Objective Contest Time / 10min,Charge Kills / 10min,Fire Strike Kills / 10min,Earthshatter Kills / 10min,Venom Mine Kills / 10min,"Helix Rocket Accuracy, %",Helix Rocket Kills / 10min,Tactical Visor Kills / 10min,"Charged Volley Accuracy, %",Charged Volley Kills / 10min,Transcendence Healing / 10min,"Micro Missile Kills, % / 10min",Call Mech Kills / 10min,Self-Destruct Kills / 10min,Knockbacks / 10min,Sound Barriers / 10min,Self Healing / 10min,Low Health Recalls / 10min,Pulse Bombs Stuck / 10min,Pulse Bomb Kills / 10min,Direct Hits,Concussion Mine Kills / 10min,Enemies Trapped / 10min,Coach Gun Kills / 10min,Dynamite Kills / 10min,Bob Kills / 10min,"Primary Accuracy, %",High Energy Kills / 10min,"Average Energy, %",Graviton Surge Kills / 10min,Healing Accuracy,Deaths Prevented / 10min,Amp Matrix Assists / 10min,Chain Hook Kills / 10min,"Chain Hook Accuracy, %",Whole Hog Kills / 10min,Death Blossom Kills / 10min,"Airtime, %",Barrage Kills / 10min,Accretion Kills / 10min,Overhealth / 10min,Gravitic Flux Kills / 10min,Rocket Punch Kills / 10min,Seismic Slam Kills / 10min,Meteor Strike Kills / 10min,Inspire Uptime,"Icicle Accuracy, % / 10min","Icicle Crit Accuracy, % / 10min",Enemies Frozen / 10min,Blizzard Kills / 10min,Energy Javelin Kills / 10min,Javelin Spin Kills / 10min,Terra Surge Kills / 10min,Jump Pack Kills / 10min,Primal Rage Kills / 10min,Enemies Hacked / 10min,Low Health Teleports / 10min,EMP Kills / 10min,Recon Kills / 10min,Assault Kills / 10min,Tactical Grenade Kills / 10min,Artillery Kills / 10min,Average Damage Multiplier,Players Teleported / 10min,Sentry Turret Kills / 10min,Grappling Claw Kills / 10min,Piledriver Kills / 10min,"Pummel Accuracy, %",Pummel Kills / 10min,Ravenous Vortex Kills / 10min,Annihilation Kills / 10min,Hammer Kills / 10min,Turret Kills / 10min,Molten Core Kills / 10min,Life Grip Saves / 10min,Thorn Valley Kills / 10min,"Charged Shot Accuracy, %","Charged Crit Accuracy, %",Charged Shot Kills / 10min,Disruptor Shot Kills / 10min,Overclock Kills / 10min,"Jagged Blade Accuracy, %",Carnage Kills / 10min,"Wound Uptime, %",Rampage Kills / 10min,"Focusing Beam Accuracy, %",Focusing Beam Kills / 10min,"Sticky Bomb Accuracy, %",Sticky Bomb Kills / 10min,Duplicate Kills / 10min,Role
Ana,All,4.23,9.57,49.30,9.28,3.86,62,2636,8181,5.95,57,4.63,5.00,420.92,2.89,,,,,,,,,,,,,,,,,,,,,,,,,,,,,,,,,,,,,,,,,,,,,,,,,,,,,,,,,,,,,,,,,,,,,,,,,,,,,,,,,,,,,,,,,,,,,,,,,,,,,,,,,,,,,,,,,,,,,Support
Ana,Bronze,3.93,3.74,44.70,8.66,3.86,60,2586,7135,6.38,52,4.21,4.70,382.51,2.43,,,,,,,,,,,,,,,,,,,,,,,,,,,,,,,,,,,,,,,,,,,,,,,,,,,,,,,,,,,,,,,,,,,,,,,,,,,,,,,,,,,,,,,,,,,,,,,,,,,,,,,,,,,,,,,,,,,,,Support
Ana,Silver,4.14,4.52,47.07,8.99,4.02,63,2589,7495,6.29,53,4.42,4.81,406.26,2.63,,,,,,,,,,,,,,,,,,,,,,,,,,,,,,,,,,,,,,,,,,,,,,,,,,,,,,,,,,,,,,,,,,,,,,,,,,,,,,,,,,,,,,,,,,,,,,,,,,,,,,,,,,,,,,,,,,,,,Support
Ana,Gold,4.21,6.51,48.72,9.15,4.02,63,2578,7839,6.12,54,4.55,4.87,420.41,2.79,,,,,,,,,,,,,,,,,,,,,,,,,,,,,,,,,,,,,,,,,,,,,,,,,,,,,,,,,,,,,,,,,,,,,,,,,,,,,,,,,,,,,,,,,,,,,,,,,,,,,,,,,,,,,,,,,,,,,Support
Ana,Platinum,4.31,9.68,48.97,9.41,4.00,63,2626,8186,5.97,56,4.72,5.05,428.96,2.90,,,,,,,,,,,,,,,,,,,,,,,,,,,,,,,,,,,,,,,,,,,,,,,,,,,,,,,,,,,,,,,,,,,,,,,,,,,,,,,,,,,,,,,,,,,,,,,,,,,,,,,,,,,,,,,,,,,,,Support
Ana,Diamond,4.25,14.76,49.34,9.48,3.87,62,2681,8396,5.89,58,4.76,5.14,428.29,2.99,,,,,,,,,,,,,,,,,,,,,,,,,,,,,,,,,,,,,,,,,,,,,,,,,,,,,,,,,,,,,,,,,,,,,,,,,,,,,,,,,,,,,,,,,,,,,,,,,,,,,,,,,,,,,,,,,,,,,Support
Ana,Master,4.19,17.02,49.61,9.25,3.58,60,2671,8473,5.82,59,4.63,5.08,419.36,3.01,,,,,,,,,,,,,,,,,,,,,,,,,,,,,,,,,,,,,,,,,,,,,,,,,,,,,,,,,,,,,,,,,,,,,,,,,,,,,,,,,,,,,,,,,,,,,,,,,,,,,,,,,,,,,,,,,,,,,Support
Ana,Grandmaster,4.01,19.04,50.22,8.96,3.24,57,2712,8641,5.80,59,4.47,5.02,408.47,2.95,,,,,,,,,,,,,,,,,,,,,,,,,,,,,,,,,,,,,,,,,,,,,,,,,,,,,,,,,,,,,,,,,,,,,,,,,,,,,,,,,,,,,,,,,,,,,,,,,,,,,,,,,,,,,,,,,,,,,Support
Mercy,All,4.42,6.56,50.90,1.80,0.65,51,341,9096,5.79,,,,,,1.78,1049.63,4.59,,,,,,,,,,,,,,,,,,,,,,,,,,,,,,,,,,,,,,,,,,,,,,,,,,,,,,,,,,,,,,,,,,,,,,,,,,,,,,,,,,,,,,,,,,,,,,,,,,,,,,,,,,,,,,,,,,Support
Mercy,Bronze,3.86,4.23,45.78,2.08,0.90,59,414,8912,6.50,,,,,,2.06,730.12,4.34,,,,,,,,,,,,,,,,,,,,,,,,,,,,,,,,,,,,,,,,,,,,,,,,,,,,,,,,,,,,,,,,,,,,,,,,,,,,,,,,,,,,,,,,,,,,,,,,,,,,,,,,,,,,,,,,,,Support
Mercy,Silver,4.08,4.35,48.76,1.92,0.79,58,373,9065,6.27,,,,,,1.91,821.64,4.50,,,,,,,,,,,,,,,,,,,,,,,,,,,,,,,,,,,,,,,,,,,,,,,,,,,,,,,,,,,,,,,,,,,,,,,,,,,,,,,,,,,,,,,,,,,,,,,,,,,,,,,,,,,,,,,,,,Support
Mercy,Gold,4.33,4.90,50.00,1.87,0.73,55,354,9229,5.99,,,,,,1.85,909.94,4.56,,,,,,,,,,,,,,,,,,,,,,,,,,,,,,,,,,,,,,,,,,,,,,,,,,,,,,,,,,,,,,,,,,,,,,,,,,,,,,,,,,,,,,,,,,,,,,,,,,,,,,,,,,,,,,,,,,Support
Mercy,Platinum,4.49,6.49,50.78,1.84,0.66,52,343,9246,5.77,,,,,,1.81,1030.45,4.64,,,,,,,,,,,,,,,,,,,,,,,,,,,,,,,,,,,,,,,,,,,,,,,,,,,,,,,,,,,,,,,,,,,,,,,,,,,,,,,,,,,,,,,,,,,,,,,,,,,,,,,,,,,,,,,,,,Support
Mercy,Diamond,4.47,8.92,51.29,1.79,0.62,48,331,9112,5.69,,,,,,1.76,1125.92,4.64,,,,,,,,,,,,,,,,,,,,,,,,,,,,,,,,,,,,,,,,,,,,,,,,,,,,,,,,,,,,,,,,,,,,,,,,,,,,,,,,,,,,,,,,,,,,,,,,,,,,,,,,,,,,,,,,,,Support
Mercy,Master,4.48,10.11,51.85,1.72,0.58,45,318,8849,5.63,,,,,,1.68,1218.07,4.52,,,,,,,,,,,,,,,,,,,,,,,,,,,,,,,,,,,,,,,,,,,,,,,,,,,,,,,,,,,,,,,,,,,,,,,,,,,,,,,,,,,,,,,,,,,,,,,,,,,,,,,,,,,,,,,,,,Support
Mercy,Grandmaster,4.25,12.54,50.51,1.50,0.49,42,286,8508,5.68,,,,,,1.46,1320.59,4.42,,,,,,,,,,,,,,,,,,,,,,,,,,,,,,,,,,,,,,,,,,,,,,,,,,,,,,,,,,,,,,,,,,,,,,,,,,,,,,,,,,,,,,,,,,,,,,,,,,,,,,,,,,,,,,,,,,Support
Genji,All,2.50,3.45,49.28,18.30,5.06,64,7292,,8.09,,,,,,,,,10.13,1.60,27,16.33,1746.51,0.06,3.49,,,,,,,,,,,,,,,,,,,,,,,,,,,,,,,,,,,,,,,,,,,,,,,,,,,,,,,,,,,,,,,,,,,,,,,,,,,,,,,,,,,,,,,,,,,,,,,,,,,,,,,,,,,Damage
Genji,Bronze,2.37,1.15,44.89,16.33,5.34,70,6572,,8.15,,,,,,,,,8.77,1.80,26,13.11,1707.61,0.10,3.00,,,,,,,,,,,,,,,,,,,,,,,,,,,,,,,,,,,,,,,,,,,,,,,,,,,,,,,,,,,,,,,,,,,,,,,,,,,,,,,,,,,,,,,,,,,,,,,,,,,,,,,,,,,Damage
Genji,Silver,2.53,1.40,47.39,16.91,5.26,69,6777,,8.16,,,,,,,,,9.08,1.72,27,13.83,1761.78,0.09,3.08,,,,,,,,,,,,,,,,,,,,,,,,,,,,,,,,,,,,,,,,,,,,,,,,,,,,,,,,,,,,,,,,,,,,,,,,,,,,,,,,,,,,,,,,,,,,,,,,,,,,,,,,,,,Damage
Genji,Gold,2.50,2.21,48.29,17.63,5.31,68,7044,,8.17,,,,,,,,,9.58,1.70,27,14.97,1776.23,0.08,3.28,,,,,,,,,,,,,,,,,,,,,,,,,,,,,,,,,,,,,,,,,,,,,,,,,,,,,,,,,,,,,,,,,,,,,,,,,,,,,,,,,,,,,,,,,,,,,,,,,,,,,,,,,,,Damage
Genji,Platinum,2.51,3.53,49.10,18.32,5.21,66,7291,,8.14,,,,,,,,,10.08,1.65,28,16.22,1756.61,0.06,3.48,,,,,,,,,,,,,,,,,,,,,,,,,,,,,,,,,,,,,,,,,,,,,,,,,,,,,,,,,,,,,,,,,,,,,,,,,,,,,,,,,,,,,,,,,,,,,,,,,,,,,,,,,,,Damage
Genji,Diamond,2.52,5.40,48.84,18.80,5.04,63,7469,,8.12,,,,,,,,,10.52,1.59,28,17.16,1747.53,0.05,3.65,,,,,,,,,,,,,,,,,,,,,,,,,,,,,,,,,,,,,,,,,,,,,,,,,,,,,,,,,,,,,,,,,,,,,,,,,,,,,,,,,,,,,,,,,,,,,,,,,,,,,,,,,,,Damage
Genji,Master,2.48,6.67,50.16,18.79,4.72,59,7478,,8.04,,,,,,,,,10.58,1.55,27,17.51,1719.09,0.06,3.68,,,,,,,,,,,,,,,,,,,,,,,,,,,,,,,,,,,,,,,,,,,,,,,,,,,,,,,,,,,,,,,,,,,,,,,,,,,,,,,,,,,,,,,,,,,,,,,,,,,,,,,,,,,Damage
Genji,Grandmaster,2.48,6.81,49.55,18.22,4.37,57,7397,,7.84,,,,,,,,,10.35,1.45,26,17.18,1685.21,0.08,3.63,,,,,,,,,,,,,,,,,,,,,,,,,,,,,,,,,,,,,,,,,,,,,,,,,,,,,,,,,,,,,,,,,,,,,,,,,,,,,,,,,,,,,,,,,,,,,,,,,,,,,,,,,,,Damage
Cassidy,All,2.11,3.40,44.27,16.94,6.15,50,8196,,8.75,,,,,,,,,10.33,1.70,41,,,,,8,1.79,60.98,3.79,,,,,,,,,,,,,,,,,,,,,,,,,,,,,,,,,,,,,,,,,,,,,,,,,,,,,,,,,,,,,,,,,,,,,,,,,,,,,,,,,,,,,,,,,,,,,,,,,,,,,,,Damage
Cassidy,Bronze,2.05,1.24,41.51,15.51,6.14,55,7228,,8.89,,,,,,,,,9.55,2.03,38,,,,,8,2.06,56.66,3.73,,,,,,,,,,,,,,,,,,,,,,,,,,,,,,,,,,,,,,,,,,,,,,,,,,,,,,,,,,,,,,,,,,,,,,,,,,,,,,,,,,,,,,,,,,,,,,,,,,,,,,,Damage
Cassidy,Silver,2.07,1.61,42.97,16.14,6.32,54,7455,,8.81,,,,,,,,,9.83,1.94,39,,,,,8,2.03,58.02,3.82,,,,,,,,,,,,,,,,,,,,,,,,,,,,,,,,,,,,,,,,,,,,,,,,,,,,,,,,,,,,,,,,,,,,,,,,,,,,,,,,,,,,,,,,,,,,,,,,,,,,,,,Damage
Cassidy,Gold,2.12,2.22,43.53,16.56,6.31,54,7781,,8.76,,,,,,,,,10.11,1.86,40,,,,,8,1.98,59.78,3.87,,,,,,,,,,,,,,,,,,,,,,,,,,,,,,,,,,,,,,,,,,,,,,,,,,,,,,,,,,,,,,,,,,,,,,,,,,,,,,,,,,,,,,,,,,,,,,,,,,,,,,,Damage
Cassidy,Platinum,2.14,3.57,44.05,17.03,6.26,51,8137,,8.78,,,,,,,,,10.41,1.76,41,,,,,8,1.86,61.30,3.85,,,,,,,,,,,,,,,,,,,,,,,,,,,,,,,,,,,,,,,,,,,,,,,,,,,,,,,,,,,,,,,,,,,,,,,,,,,,,,,,,,,,,,,,,,,,,,,,,,,,,,,Damage
Cassidy,Diamond,2.09,5.22,43.89,17.30,6.12,49,8473,,8.78,,,,,,,,,10.59,1.65,42,,,,,9,1.73,61.64,3.81,,,,,,,,,,,,,,,,,,,,,,,,,,,,,,,,,,,,,,,,,,,,,,,,,,,,,,,,,,,,,,,,,,,,,,,,,,,,,,,,,,,,,,,,,,,,,,,,,,,,,,,Damage
Cassidy,Master,2.08,6.44,44.61,17.03,5.80,47,8614,,8.74,,,,,,,,,10.35,1.50,42,,,,,9,1.55,61.26,3.65,,,,,,,,,,,,,,,,,,,,,,,,,,,,,,,,,,,,,,,,,,,,,,,,,,,,,,,,,,,,,,,,,,,,,,,,,,,,,,,,,,,,,,,,,,,,,,,,,,,,,,,Damage
Cassidy,Grandmaster,2.02,5.74,45.21,16.65,5.52,45,8720,,8.58,,,,,,,,,10.05,1.41,42,,,,,9,1.40,60.32,3.45,,,,,,,,,,,,,,,,,,,,,,,,,,,,,,,,,,,,,,,,,,,,,,,,,,,,,,,,,,,,,,,,,,,,,,,,,,,,,,,,,,,,,,,,,,,,,,,,,,,,,,,Damage
Kiriko,All,4.63,5.87,46.06,8.16,3.48,70,2370,8518,5.89,,,,,,,,,,,30,,,,,15,,,,8.10,6.65,17.97,,,,,,,,,,,,,,,,,,,,,,,,,,,,,,,,,,,,,,,,,,,,,,,,,,,,,,,,,,,,,,,,,,,,,,,,,,,,,,,,,,,,,,,,,,,,,,,,,,,,Support
Kiriko,Bronze,4.46,2.95,43.54,7.39,3.51,72,2173,7804,6.16,,,,,,,,,,,29,,,,,13,,,,7.34,5.15,16.45,,,,,,,,,,,,,,,,,,,,,,,,,,,,,,,,,,,,,,,,,,,,,,,,,,,,,,,,,,,,,,,,,,,,,,,,,,,,,,,,,,,,,,,,,,,,,,,,,,,,Support
Kiriko,Silver,4.53,3.18,45.16,7.61,3.55,72,2172,8183,6.09,,,,,,,,,,,29,,,,,14,,,,7.56,5.59,17.22,,,,,,,,,,,,,,,,,,,,,,,,,,,,,,,,,,,,,,,,,,,,,,,,,,,,,,,,,,,,,,,,,,,,,,,,,,,,,,,,,,,,,,,,,,,,,,,,,,,,Support
Kiriko,Gold,4.68,4.08,45.25,7.71,3.50,72,2198,8426,5.97,,,,,,,,,,,30,,,,,14,,,,7.66,6.09,17.84,,,,,,,,,,,,,,,,,,,,,,,,,,,,,,,,,,,,,,,,,,,,,,,,,,,,,,,,,,,,,,,,,,,,,,,,,,,,,,,,,,,,,,,,,,,,,,,,,,,,Support
Kiriko,Platinum,4.71,5.51,45.67,8.00,3.51,71,2281,8618,5.87,,,,,,,,,,,30,,,,,15,,,,7.94,6.64,18.09,,,,,,,,,,,,,,,,,,,,,,,,,,,,,,,,,,,,,,,,,,,,,,,,,,,,,,,,,,,,,,,,,,,,,,,,,,,,,,,,,,,,,,,,,,,,,,,,,,,,Support
Kiriko,Diamond,4.62,7.89,45.43,8.37,3.49,69,2421,8643,5.87,,,,,,,,,,,30,,,,,15,,,,8.30,7.04,18.11,,,,,,,,,,,,,,,,,,,,,,,,,,,,,,,,,,,,,,,,,,,,,,,,,,,,,,,,,,,,,,,,,,,,,,,,,,,,,,,,,,,,,,,,,,,,,,,,,,,,Support
Kiriko,Master,4.55,9.49,46.32,8.60,3.45,66,2548,8524,5.86,,,,,,,,,,,29,,,,,16,,,,8.53,7.25,17.95,,,,,,,,,,,,,,,,,,,,,,,,,,,,,,,,,,,,,,,,,,,,,,,,,,,,,,,,,,,,,,,,,,,,,,,,,,,,,,,,,,,,,,,,,,,,,,,,,,,,Support
Kiriko,Grandmaster,4.53,14.41,48.68,9.07,3.39,61,2855,8460,5.83,,,,,,,,,,,28,,,,,17,,,,8.98,7.33,18.52,,,,,,,,,,,,,,,,,,,,,,,,,,,,,,,,,,,,,,,,,,,,,,,,,,,,,,,,,,,,,,,,,,,,,,,,,,,,,,,,,,,,,,,,,,,,,,,,,,,,Support
Hanzo,All,3.13,4.09,48.29,17.25,5.87,50,7654,,7.70,,,,,,,,,11.21,2.57,30,,,,,13,,,,,,,2.54,5.40,3.76,1.77,,,,,,,,,,,,,,,,,,,,,,,,,,,,,,,,,,,,,,,,,,,,,,,,,,,,,,,,,,,,,,,,,,,,,,,,,,,,,,,,,,,,,,,,,,,,,,,,Damage
Hanzo,Bronze,3.04,1.85,44.40,16.05,6.14,53,7239,,7.76,,,,,,,,,10.51,2.59,30,,,,,12,,,,,,,2.41,4.84,3.11,1.94,,,,,,,,,,,,,,,,,,,,,,,,,,,,,,,,,,,,,,,,,,,,,,,,,,,,,,,,,,,,,,,,,,,,,,,,,,,,,,,,,,,,,,,,,,,,,,,,Damage
Hanzo,Silver,3.11,2.16,46.99,16.54,6.22,51,7398,,7.74,,,,,,,,,10.73,2.60,30,,,,,12,,,,,,,2.51,4.92,3.27,1.95,,,,,,,,,,,,,,,,,,,,,,,,,,,,,,,,,,,,,,,,,,,,,,,,,,,,,,,,,,,,,,,,,,,,,,,,,,,,,,,,,,,,,,,,,,,,,,,,Damage
Hanzo,Gold,3.21,2.96,48.28,17.13,6.23,52,7577,,7.71,,,,,,,,,11.12,2.62,30,,,,,12,,,,,,,2.54,5.12,3.51,1.91,,,,,,,,,,,,,,,,,,,,,,,,,,,,,,,,,,,,,,,,,,,,,,,,,,,,,,,,,,,,,,,,,,,,,,,,,,,,,,,,,,,,,,,,,,,,,,,,Damage
Hanzo,Platinum,3.15,4.15,48.05,17.52,6.08,51,7730,,7.72,,,,,,,,,11.41,2.61,30,,,,,12,,,,,,,2.58,5.40,3.75,1.82,,,,,,,,,,,,,,,,,,,,,,,,,,,,,,,,,,,,,,,,,,,,,,,,,,,,,,,,,,,,,,,,,,,,,,,,,,,,,,,,,,,,,,,,,,,,,,,,Damage
Hanzo,Diamond,3.11,5.84,48.09,17.55,5.78,49,7771,,7.78,,,,,,,,,11.42,2.60,30,,,,,13,,,,,,,2.56,5.61,3.93,1.72,,,,,,,,,,,,,,,,,,,,,,,,,,,,,,,,,,,,,,,,,,,,,,,,,,,,,,,,,,,,,,,,,,,,,,,,,,,,,,,,,,,,,,,,,,,,,,,,Damage
Hanzo,Master,3.03,7.38,48.26,17.08,5.36,46,7651,,7.77,,,,,,,,,11.06,2.50,29,,,,,13,,,,,,,2.53,5.65,4.04,1.57,,,,,,,,,,,,,,,,,,,,,,,,,,,,,,,,,,,,,,,,,,,,,,,,,,,,,,,,,,,,,,,,,,,,,,,,,,,,,,,,,,,,,,,,,,,,,,,,Damage
Hanzo,Grandmaster,2.98,7.61,48.10,16.23,4.78,43,7454,,7.68,,,,,,,,,10.52,2.34,28,,,,,13,,,,,,,2.44,5.56,4.05,1.47,,,,,,,,,,,,,,,,,,,,,,,,,,,,,,,,,,,,,,,,,,,,,,,,,,,,,,,,,,,,,,,,,,,,,,,,,,,,,,,,,,,,,,,,,,,,,,,,Damage
Moira,All,6.37,5.12,48.68,18.03,8.26,86,5415,9498,6.08,,,,,,,,,,,,,,,,,,,,,,,,,,,49,8.81,45,63,3.87,,,,,,,,,,,,,,,,,,,,,,,,,,,,,,,,,,,,,,,,,,,,,,,,,,,,,,,,,,,,,,,,,,,,,,,,,,,,,,,,,,,,,,,,,,,Support
Moira,Bronze,5.94,4.98,45.81,17.16,8.26,89,5282,8573,6.42,,,,,,,,,,,,,,,,,,,,,,,,,,,46,8.62,42,66,3.55,,,,,,,,,,,,,,,,,,,,,,,,,,,,,,,,,,,,,,,,,,,,,,,,,,,,,,,,,,,,,,,,,,,,,,,,,,,,,,,,,,,,,,,,,,,Support
Moira,Silver,6.16,4.85,47.69,17.65,8.42,90,5296,9047,6.29,,,,,,,,,,,,,,,,,,,,,,,,,,,47,8.69,44,65,3.73,,,,,,,,,,,,,,,,,,,,,,,,,,,,,,,,,,,,,,,,,,,,,,,,,,,,,,,,,,,,,,,,,,,,,,,,,,,,,,,,,,,,,,,,,,,Support
Moira,Gold,6.40,5.15,48.61,17.91,8.44,88,5350,9400,6.11,,,,,,,,,,,,,,,,,,,,,,,,,,,48,8.71,46,65,3.85,,,,,,,,,,,,,,,,,,,,,,,,,,,,,,,,,,,,,,,,,,,,,,,,,,,,,,,,,,,,,,,,,,,,,,,,,,,,,,,,,,,,,,,,,,,Support
Moira,Platinum,6.50,5.35,48.46,18.17,8.34,87,5422,9660,6.03,,,,,,,,,,,,,,,,,,,,,,,,,,,49,8.84,46,63,3.94,,,,,,,,,,,,,,,,,,,,,,,,,,,,,,,,,,,,,,,,,,,,,,,,,,,,,,,,,,,,,,,,,,,,,,,,,,,,,,,,,,,,,,,,,,,Support
Moira,Diamond,6.37,5.72,48.48,18.19,8.09,83,5487,9703,6.07,,,,,,,,,,,,,,,,,,,,,,,,,,,50,8.86,45,63,3.94,,,,,,,,,,,,,,,,,,,,,,,,,,,,,,,,,,,,,,,,,,,,,,,,,,,,,,,,,,,,,,,,,,,,,,,,,,,,,,,,,,,,,,,,,,,Support
Moira,Master,6.11,5.64,48.16,17.80,7.73,80,5454,9486,6.18,,,,,,,,,,,,,,,,,,,,,,,,,,,50,8.68,43,62,3.85,,,,,,,,,,,,,,,,,,,,,,,,,,,,,,,,,,,,,,,,,,,,,,,,,,,,,,,,,,,,,,,,,,,,,,,,,,,,,,,,,,,,,,,,,,,Support
Moira,Grandmaster,5.87,6.07,47.50,17.37,7.37,77,5418,9405,6.33,,,,,,,,,,,,,,,,,,,,,,,,,,,49,8.44,42,62,3.72,,,,,,,,,,,,,,,,,,,,,,,,,,,,,,,,,,,,,,,,,,,,,,,,,,,,,,,,,,,,,,,,,,,,,,,,,,,,,,,,,,,,,,,,,,,Support
Reinhardt,All,2.91,3.17,50.57,16.35,5.94,117,8334,,7.08,,,,,,,,,,,,,,,,,,,,,,,,,,,,,,,,68,3.79,7.11,3.20,,,,,,,,,,,,,,,,,,,,,,,,,,,,,,,,,,,,,,,,,,,,,,,,,,,,,,,,,,,,,,,,,,,,,,,,,,,,,,,,,,,,,,,Tank
Reinhardt,Bronze,2.57,1.73,45.84,14.97,5.95,126,7243,,7.59,,,,,,,,,,,,,,,,,,,,,,,,,,,,,,,,72,3.79,5.82,2.85,,,,,,,,,,,,,,,,,,,,,,,,,,,,,,,,,,,,,,,,,,,,,,,,,,,,,,,,,,,,,,,,,,,,,,,,,,,,,,,,,,,,,,,Tank
Reinhardt,Silver,2.84,2.07,48.68,15.86,6.20,126,7734,,7.34,,,,,,,,,,,,,,,,,,,,,,,,,,,,,,,,72,3.88,6.34,3.07,,,,,,,,,,,,,,,,,,,,,,,,,,,,,,,,,,,,,,,,,,,,,,,,,,,,,,,,,,,,,,,,,,,,,,,,,,,,,,,,,,,,,,,Tank
Reinhardt,Gold,2.95,2.61,50.60,16.22,6.16,124,8079,,7.14,,,,,,,,,,,,,,,,,,,,,,,,,,,,,,,,70,3.87,6.77,3.23,,,,,,,,,,,,,,,,,,,,,,,,,,,,,,,,,,,,,,,,,,,,,,,,,,,,,,,,,,,,,,,,,,,,,,,,,,,,,,,,,,,,,,,Tank
Reinhardt,Platinum,2.92,3.67,50.15,16.46,6.04,118,8400,,7.08,,,,,,,,,,,,,,,,,,,,,,,,,,,,,,,,68,3.82,7.21,3.27,,,,,,,,,,,,,,,,,,,,,,,,,,,,,,,,,,,,,,,,,,,,,,,,,,,,,,,,,,,,,,,,,,,,,,,,,,,,,,,,,,,,,,,Tank
Reinhardt,Diamond,2.88,4.41,50.10,16.45,5.80,112,8529,,7.10,,,,,,,,,,,,,,,,,,,,,,,,,,,,,,,,65,3.73,7.44,3.22,,,,,,,,,,,,,,,,,,,,,,,,,,,,,,,,,,,,,,,,,,,,,,,,,,,,,,,,,,,,,,,,,,,,,,,,,,,,,,,,,,,,,,,Tank
Reinhardt,Master,2.73,4.57,49.55,15.74,5.44,108,8288,,7.23,,,,,,,,,,,,,,,,,,,,,,,,,,,,,,,,63,3.54,7.20,2.99,,,,,,,,,,,,,,,,,,,,,,,,,,,,,,,,,,,,,,,,,,,,,,,,,,,,,,,,,,,,,,,,,,,,,,,,,,,,,,,,,,,,,,,Tank
Reinhardt,Grandmaster,2.54,4.78,49.74,15.02,5.14,108,7771,,7.44,,,,,,,,,,,,,,,,,,,,,,,,,,,,,,,,61,3.47,6.73,2.75,,,,,,,,,,,,,,,,,,,,,,,,,,,,,,,,,,,,,,,,,,,,,,,,,,,,,,,,,,,,,,,,,,,,,,,,,,,,,,,,,,,,,,,Tank
Widowmaker,All,2.46,2.28,46.75,15.39,3.46,21,5708,,8.21,45,,,,,,,,10.61,4.11,,,,,,,,,,,,,,,3.15,,,,,,,,,,,1.05,,,,,,,,,,,,,,,,,,,,,,,,,,,,,,,,,,,,,,,,,,,,,,,,,,,,,,,,,,,,,,,,,,,,,,,,,,,,,,,,,,,,,,Damage
Widowmaker,Bronze,2.61,1.00,42.06,14.17,3.62,17,5344,,7.71,44,,,,,,,,9.58,3.86,,,,,,,,,,,,,,,3.02,,,,,,,,,,,1.32,,,,,,,,,,,,,,,,,,,,,,,,,,,,,,,,,,,,,,,,,,,,,,,,,,,,,,,,,,,,,,,,,,,,,,,,,,,,,,,,,,,,,,Damage
Widowmaker,Silver,2.63,1.19,44.24,14.75,3.62,19,5541,,7.85,45,,,,,,,,10.07,4.03,,,,,,,,,,,,,,,3.10,,,,,,,,,,,1.26,,,,,,,,,,,,,,,,,,,,,,,,,,,,,,,,,,,,,,,,,,,,,,,,,,,,,,,,,,,,,,,,,,,,,,,,,,,,,,,,,,,,,,Damage
Widowmaker,Gold,2.59,1.38,45.47,15.31,3.64,20,5714,,7.97,45,,,,,,,,10.47,4.12,,,,,,,,,,,,,,,3.15,,,,,,,,,,,1.20,,,,,,,,,,,,,,,,,,,,,,,,,,,,,,,,,,,,,,,,,,,,,,,,,,,,,,,,,,,,,,,,,,,,,,,,,,,,,,,,,,,,,,Damage
Widowmaker,Platinum,2.49,2.17,45.86,15.64,3.56,21,5774,,8.23,45,,,,,,,,10.78,4.17,,,,,,,,,,,,,,,3.20,,,,,,,,,,,1.09,,,,,,,,,,,,,,,,,,,,,,,,,,,,,,,,,,,,,,,,,,,,,,,,,,,,,,,,,,,,,,,,,,,,,,,,,,,,,,,,,,,,,,Damage
Widowmaker,Diamond,2.38,3.28,47.03,15.67,3.47,22,5761,,8.47,45,,,,,,,,10.89,4.20,,,,,,,,,,,,,,,3.18,,,,,,,,,,,0.99,,,,,,,,,,,,,,,,,,,,,,,,,,,,,,,,,,,,,,,,,,,,,,,,,,,,,,,,,,,,,,,,,,,,,,,,,,,,,,,,,,,,,,Damage
Widowmaker,Master,2.30,4.71,47.13,15.29,3.29,21,5667,,8.44,44,,,,,,,,10.57,4.06,,,,,,,,,,,,,,,3.13,,,,,,,,,,,0.89,,,,,,,,,,,,,,,,,,,,,,,,,,,,,,,,,,,,,,,,,,,,,,,,,,,,,,,,,,,,,,,,,,,,,,,,,,,,,,,,,,,,,,Damage
Widowmaker,Grandmaster,2.31,5.44,49.65,14.77,3.04,18,5609,,8.22,43,,,,,,,,10.19,3.96,,,,,,,,,,,,,,,3.10,,,,,,,,,,,0.85,,,,,,,,,,,,,,,,,,,,,,,,,,,,,,,,,,,,,,,,,,,,,,,,,,,,,,,,,,,,,,,,,,,,,,,,,,,,,,,,,,,,,,Damage
Soldier: 76,All,2.91,4.09,47.09,19.17,7.13,51,9023,1299,8.09,,,,,,,,,9.70,1.48,34,,,,,7,,,,,,,1.41,,,,,,,,,,,,,,56,7.27,3.12,,,,,,,,,,,,,,,,,,,,,,,,,,,,,,,,,,,,,,,,,,,,,,,,,,,,,,,,,,,,,,,,,,,,,,,,,,,,,,,,,,,Damage
Soldier: 76,Bronze,2.73,2.37,42.60,17.84,7.45,62,8282,1316,8.57,,,,,,,,,8.98,1.65,31,,,,,7,,,,,,,1.22,,,,,,,,,,,,,,53,6.24,3.09,,,,,,,,,,,,,,,,,,,,,,,,,,,,,,,,,,,,,,,,,,,,,,,,,,,,,,,,,,,,,,,,,,,,,,,,,,,,,,,,,,,Damage
Soldier: 76,Silver,2.83,3.03,45.53,18.64,7.62,60,8573,1322,8.39,,,,,,,,,9.37,1.64,32,,,,,7,,,,,,,1.28,,,,,,,,,,,,,,54,6.55,3.17,,,,,,,,,,,,,,,,,,,,,,,,,,,,,,,,,,,,,,,,,,,,,,,,,,,,,,,,,,,,,,,,,,,,,,,,,,,,,,,,,,,Damage
Soldier: 76,Gold,2.89,3.67,46.71,18.95,7.46,56,8799,1303,8.26,,,,,,,,,9.54,1.55,33,,,,,7,,,,,,,1.31,,,,,,,,,,,,,,56,6.89,3.17,,,,,,,,,,,,,,,,,,,,,,,,,,,,,,,,,,,,,,,,,,,,,,,,,,,,,,,,,,,,,,,,,,,,,,,,,,,,,,,,,,,Damage
Soldier: 76,Platinum,2.91,4.25,46.52,19.32,7.18,51,9072,1296,8.12,,,,,,,,,9.79,1.50,34,,,,,7,,,,,,,1.41,,,,,,,,,,,,,,57,7.32,3.16,,,,,,,,,,,,,,,,,,,,,,,,,,,,,,,,,,,,,,,,,,,,,,,,,,,,,,,,,,,,,,,,,,,,,,,,,,,,,,,,,,,Damage
Soldier: 76,Diamond,2.92,5.37,46.56,19.51,6.91,48,9280,1296,8.03,,,,,,,,,9.92,1.43,35,,,,,7,,,,,,,1.50,,,,,,,,,,,,,,57,7.72,3.11,,,,,,,,,,,,,,,,,,,,,,,,,,,,,,,,,,,,,,,,,,,,,,,,,,,,,,,,,,,,,,,,,,,,,,,,,,,,,,,,,,,Damage
Soldier: 76,Master,2.91,6.09,48.47,19.00,6.44,45,9272,1297,7.93,,,,,,,,,9.59,1.34,35,,,,,8,,,,,,,1.61,,,,,,,,,,,,,,56,7.64,2.97,,,,,,,,,,,,,,,,,,,,,,,,,,,,,,,,,,,,,,,,,,,,,,,,,,,,,,,,,,,,,,,,,,,,,,,,,,,,,,,,,,,Damage
Soldier: 76,Grandmaster,2.87,4.42,47.99,18.52,6.18,43,9240,1314,7.85,,,,,,,,,9.31,1.34,36,,,,,8,,,,,,,1.69,,,,,,,,,,,,,,55,7.47,2.86,,,,,,,,,,,,,,,,,,,,,,,,,,,,,,,,,,,,,,,,,,,,,,,,,,,,,,,,,,,,,,,,,,,,,,,,,,,,,,,,,,,Damage
Zenyatta,All,5.30,3.44,50.89,13.88,5.59,66,4989,6265,6.83,,,,,,,1490.83,,,,25,,,,,,,,,,,,,,,,,,,,,,,,,,,,,22,5.94,1205.51,,,,,,,,,,,,,,,,,,,,,,,,,,,,,,,,,,,,,,,,,,,,,,,,,,,,,,,,,,,,,,,,,,,,,,,,,,,,,,,,Support
Zenyatta,Bronze,5.01,1.58,47.28,13.53,5.96,66,4780,5970,7.20,,,,,,,1384.02,,,,24,,,,,,,,,,,,,,,,,,,,,,,,,,,,,23,4.86,1127.59,,,,,,,,,,,,,,,,,,,,,,,,,,,,,,,,,,,,,,,,,,,,,,,,,,,,,,,,,,,,,,,,,,,,,,,,,,,,,,,,Support
Zenyatta,Silver,5.29,1.84,49.72,13.96,6.12,68,4948,6200,7.16,,,,,,,1455.01,,,,25,,,,,,,,,,,,,,,,,,,,,,,,,,,,,23,5.19,1198.81,,,,,,,,,,,,,,,,,,,,,,,,,,,,,,,,,,,,,,,,,,,,,,,,,,,,,,,,,,,,,,,,,,,,,,,,,,,,,,,,Support
Zenyatta,Gold,5.35,2.57,50.69,14.07,6.00,69,4954,6306,7.05,,,,,,,1480.09,,,,25,,,,,,,,,,,,,,,,,,,,,,,,,,,,,22,5.58,1233.02,,,,,,,,,,,,,,,,,,,,,,,,,,,,,,,,,,,,,,,,,,,,,,,,,,,,,,,,,,,,,,,,,,,,,,,,,,,,,,,,Support
Zenyatta,Platinum,5.34,3.34,50.70,14.20,5.83,68,5060,6331,6.90,,,,,,,1512.71,,,,26,,,,,,,,,,,,,,,,,,,,,,,,,,,,,22,5.99,1233.33,,,,,,,,,,,,,,,,,,,,,,,,,,,,,,,,,,,,,,,,,,,,,,,,,,,,,,,,,,,,,,,,,,,,,,,,,,,,,,,,Support
Zenyatta,Diamond,5.35,5.11,51.05,14.08,5.53,65,5071,6272,6.75,,,,,,,1510.10,,,,26,,,,,,,,,,,,,,,,,,,,,,,,,,,,,22,6.34,1205.39,,,,,,,,,,,,,,,,,,,,,,,,,,,,,,,,,,,,,,,,,,,,,,,,,,,,,,,,,,,,,,,,,,,,,,,,,,,,,,,,Support
Zenyatta,Master,5.24,6.20,51.30,13.39,4.99,61,4950,6129,6.59,,,,,,,1475.07,,,,25,,,,,,,,,,,,,,,,,,,,,,,,,,,,,21,6.27,1158.34,,,,,,,,,,,,,,,,,,,,,,,,,,,,,,,,,,,,,,,,,,,,,,,,,,,,,,,,,,,,,,,,,,,,,,,,,,,,,,,,Support
Zenyatta,Grandmaster,5.18,6.69,50.91,12.72,4.36,56,4867,6078,6.38,,,,,,,1429.32,,,,24,,,,,,,,,,,,,,,,,,,,,,,,,,,,,20,6.13,1135.11,,,,,,,,,,,,,,,,,,,,,,,,,,,,,,,,,,,,,,,,,,,,,,,,,,,,,,,,,,,,,,,,,,,,,,,,,,,,,,,,Support
D.Va,All,6.32,1.95,46.28,20.73,5.94,121,8423,,5.38,,,,,,,,,,,26,,,,,,,,,,,,,,,,,,,,,70,,,,,,,,,,,8.79,2.08,2.09,,,,,,,,,,,,,,,,,,,,,,,,,,,,,,,,,,,,,,,,,,,,,,,,,,,,,,,,,,,,,,,,,,,,,,,,,,,,,Tank
D.Va,Bronze,5.32,1.81,43.25,19.21,6.36,135,7463,,5.88,,,,,,,,,,,22,,,,,,,,,,,,,,,,,,,,,76,,,,,,,,,,,7.55,2.38,2.39,,,,,,,,,,,,,,,,,,,,,,,,,,,,,,,,,,,,,,,,,,,,,,,,,,,,,,,,,,,,,,,,,,,,,,,,,,,,,Tank
D.Va,Silver,5.90,1.61,45.25,20.35,6.50,133,7931,,5.74,,,,,,,,,,,24,,,,,,,,,,,,,,,,,,,,,75,,,,,,,,,,,8.23,2.36,2.38,,,,,,,,,,,,,,,,,,,,,,,,,,,,,,,,,,,,,,,,,,,,,,,,,,,,,,,,,,,,,,,,,,,,,,,,,,,,,Tank
D.Va,Gold,6.18,1.54,46.04,20.95,6.45,130,8233,,5.60,,,,,,,,,,,24,,,,,,,,,,,,,,,,,,,,,74,,,,,,,,,,,8.61,2.33,2.34,,,,,,,,,,,,,,,,,,,,,,,,,,,,,,,,,,,,,,,,,,,,,,,,,,,,,,,,,,,,,,,,,,,,,,,,,,,,,Tank
D.Va,Platinum,6.26,1.90,45.94,21.05,6.13,122,8440,,5.48,,,,,,,,,,,25,,,,,,,,,,,,,,,,,,,,,70,,,,,,,,,,,8.89,2.18,2.19,,,,,,,,,,,,,,,,,,,,,,,,,,,,,,,,,,,,,,,,,,,,,,,,,,,,,,,,,,,,,,,,,,,,,,,,,,,,,Tank
D.Va,Diamond,6.44,2.56,45.70,20.80,5.66,115,8574,,5.34,,,,,,,,,,,26,,,,,,,,,,,,,,,,,,,,,67,,,,,,,,,,,8.97,1.98,1.98,,,,,,,,,,,,,,,,,,,,,,,,,,,,,,,,,,,,,,,,,,,,,,,,,,,,,,,,,,,,,,,,,,,,,,,,,,,,,Tank
D.Va,Master,6.28,3.66,45.72,19.96,5.20,112,8441,,5.20,,,,,,,,,,,27,,,,,,,,,,,,,,,,,,,,,65,,,,,,,,,,,8.79,1.74,1.74,,,,,,,,,,,,,,,,,,,,,,,,,,,,,,,,,,,,,,,,,,,,,,,,,,,,,,,,,,,,,,,,,,,,,,,,,,,,,Tank
D.Va,Grandmaster,6.12,4.94,47.07,18.78,4.63,109,8292,,5.03,,,,,,,,,,,28,,,,,,,,,,,,,,,,,,,,,63,,,,,,,,,,,8.44,1.48,1.48,,,,,,,,,,,,,,,,,,,,,,,,,,,,,,,,,,,,,,,,,,,,,,,,,,,,,,,,,,,,,,,,,,,,,,,,,,,,,Tank
Lucio,All,4.01,2.29,50.85,12.71,5.62,98,3591,6915,7.31,,,,,,,,,,,25,,,,,9,,,,,,,,,,,,,,,,,,,,,,,,,,,,,,30.39,9.69,,,,,,,,,,,,,,,,,,,,,,,,,,,,,,,,,,,,,,,,,,,,,,,,,,,,,,,,,,,,,,,,,,,,,,,,,,,Support
Lucio,Bronze,3.81,1.43,44.20,11.51,5.90,117,3328,7699,7.36,,,,,,,,,,,23,,,,,8,,,,,,,,,,,,,,,,,,,,,,,,,,,,,,26.87,10.28,,,,,,,,,,,,,,,,,,,,,,,,,,,,,,,,,,,,,,,,,,,,,,,,,,,,,,,,,,,,,,,,,,,,,,,,,,,Support
Lucio,Silver,3.83,1.36,47.37,11.97,6.04,112,3410,7745,7.42,,,,,,,,,,,24,,,,,8,,,,,,,,,,,,,,,,,,,,,,,,,,,,,,28.19,10.27,,,,,,,,,,,,,,,,,,,,,,,,,,,,,,,,,,,,,,,,,,,,,,,,,,,,,,,,,,,,,,,,,,,,,,,,,,,Support
Lucio,Gold,3.98,1.41,47.52,12.40,5.91,107,3515,7496,7.34,,,,,,,,,,,25,,,,,8,,,,,,,,,,,,,,,,,,,,,,,,,,,,,,29.24,10.09,,,,,,,,,,,,,,,,,,,,,,,,,,,,,,,,,,,,,,,,,,,,,,,,,,,,,,,,,,,,,,,,,,,,,,,,,,,Support
Lucio,Platinum,4.02,1.83,48.92,12.85,5.79,102,3611,7094,7.35,,,,,,,,,,,25,,,,,9,,,,,,,,,,,,,,,,,,,,,,,,,,,,,,30.70,9.71,,,,,,,,,,,,,,,,,,,,,,,,,,,,,,,,,,,,,,,,,,,,,,,,,,,,,,,,,,,,,,,,,,,,,,,,,,,Support
Lucio,Diamond,4.09,2.49,48.82,13.06,5.55,95,3682,6659,7.41,,,,,,,,,,,26,,,,,9,,,,,,,,,,,,,,,,,,,,,,,,,,,,,,31.43,9.50,,,,,,,,,,,,,,,,,,,,,,,,,,,,,,,,,,,,,,,,,,,,,,,,,,,,,,,,,,,,,,,,,,,,,,,,,,,Support
Lucio,Master,3.94,3.32,49.62,12.94,5.26,88,3625,6260,7.38,,,,,,,,,,,25,,,,,9,,,,,,,,,,,,,,,,,,,,,,,,,,,,,,30.97,9.18,,,,,,,,,,,,,,,,,,,,,,,,,,,,,,,,,,,,,,,,,,,,,,,,,,,,,,,,,,,,,,,,,,,,,,,,,,,Support
Lucio,Grandmaster,4.20,12.61,56.38,12.92,4.97,81,3717,6171,6.92,,,,,,,,,,,24,,,,,9,,,,,,,,,,,,,,,,,,,,,,,,,,,,,,31.05,9.72,,,,,,,,,,,,,,,,,,,,,,,,,,,,,,,,,,,,,,,,,,,,,,,,,,,,,,,,,,,,,,,,,,,,,,,,,,,Support
Tracer,All,2.52,2.75,48.36,17.83,6.06,58,6613,,8.08,,,,,,,,,8.24,1.84,33,,,,,9,,,,,,,,,,,,,,,,,,,,,,,,,,,,,,,,905.94,4.96,1.52,1.86,,,,,,,,,,,,,,,,,,,,,,,,,,,,,,,,,,,,,,,,,,,,,,,,,,,,,,,,,,,,,,,,,,,,,,,Damage
Tracer,Bronze,2.61,1.02,44.68,16.67,6.29,67,6147,,8.05,,,,,,,,,7.72,1.98,31,,,,,8,,,,,,,,,,,,,,,,,,,,,,,,,,,,,,,,845.11,4.69,1.49,2.11,,,,,,,,,,,,,,,,,,,,,,,,,,,,,,,,,,,,,,,,,,,,,,,,,,,,,,,,,,,,,,,,,,,,,,,Damage
Tracer,Silver,2.53,1.10,44.72,17.21,6.32,65,6294,,8.10,,,,,,,,,7.92,1.97,31,,,,,8,,,,,,,,,,,,,,,,,,,,,,,,,,,,,,,,882.52,4.87,1.52,2.07,,,,,,,,,,,,,,,,,,,,,,,,,,,,,,,,,,,,,,,,,,,,,,,,,,,,,,,,,,,,,,,,,,,,,,,Damage
Tracer,Gold,2.55,1.55,47.03,17.60,6.35,62,6488,,8.15,,,,,,,,,8.08,1.93,32,,,,,8,,,,,,,,,,,,,,,,,,,,,,,,,,,,,,,,894.42,4.94,1.52,2.02,,,,,,,,,,,,,,,,,,,,,,,,,,,,,,,,,,,,,,,,,,,,,,,,,,,,,,,,,,,,,,,,,,,,,,,Damage
Tracer,Platinum,2.53,2.47,47.17,17.84,6.20,60,6589,,8.20,,,,,,,,,8.24,1.89,33,,,,,9,,,,,,,,,,,,,,,,,,,,,,,,,,,,,,,,909.60,5.00,1.53,1.91,,,,,,,,,,,,,,,,,,,,,,,,,,,,,,,,,,,,,,,,,,,,,,,,,,,,,,,,,,,,,,,,,,,,,,,Damage
Tracer,Diamond,2.49,3.61,47.36,18.14,6.09,56,6684,,8.26,,,,,,,,,8.36,1.83,33,,,,,9,,,,,,,,,,,,,,,,,,,,,,,,,,,,,,,,913.86,4.99,1.54,1.83,,,,,,,,,,,,,,,,,,,,,,,,,,,,,,,,,,,,,,,,,,,,,,,,,,,,,,,,,,,,,,,,,,,,,,,Damage
Tracer,Master,2.49,5.77,48.56,18.11,5.82,54,6714,,8.01,,,,,,,,,8.38,1.78,33,,,,,9,,,,,,,,,,,,,,,,,,,,,,,,,,,,,,,,913.69,4.98,1.53,1.74,,,,,,,,,,,,,,,,,,,,,,,,,,,,,,,,,,,,,,,,,,,,,,,,,,,,,,,,,,,,,,,,,,,,,,,Damage
Tracer,Grandmaster,2.66,9.81,52.67,18.09,5.43,52,6933,,7.42,,,,,,,,,8.54,1.77,34,,,,,9,,,,,,,,,,,,,,,,,,,,,,,,,,,,,,,,917.70,4.92,1.59,1.72,,,,,,,,,,,,,,,,,,,,,,,,,,,,,,,,,,,,,,,,,,,,,,,,,,,,,,,,,,,,,,,,,,,,,,,Damage
Junkrat,All,2.76,2.03,47.97,16.87,6.11,50,8323,,8.10,,,,,,,,,10.46,2.69,25,,,,,,,,,,,,,,,,,,,,,,,,,,,,,,,,,,,,,,,,,17,5.78,5.22,,,,,,,,,,,,,,,,,,,,,,,,,,,,,,,,,,,,,,,,,,,,,,,,,,,,,,,,,,,,,,,,,,,,Damage
Junkrat,Bronze,2.63,1.84,44.67,16.24,6.66,60,7962,,8.33,,,,,,,,,10.08,2.72,25,,,,,,,,,,,,,,,,,,,,,,,,,,,,,,,,,,,,,,,,,17,4.96,5.62,,,,,,,,,,,,,,,,,,,,,,,,,,,,,,,,,,,,,,,,,,,,,,,,,,,,,,,,,,,,,,,,,,,,Damage
Junkrat,Silver,2.70,2.08,46.81,16.67,6.59,58,8175,,8.29,,,,,,,,,10.27,2.70,25,,,,,,,,,,,,,,,,,,,,,,,,,,,,,,,,,,,,,,,,,17,5.23,5.56,,,,,,,,,,,,,,,,,,,,,,,,,,,,,,,,,,,,,,,,,,,,,,,,,,,,,,,,,,,,,,,,,,,,Damage
Junkrat,Gold,2.77,2.12,47.88,16.90,6.47,54,8315,,8.18,,,,,,,,,10.44,2.68,25,,,,,,,,,,,,,,,,,,,,,,,,,,,,,,,,,,,,,,,,,17,5.51,5.43,,,,,,,,,,,,,,,,,,,,,,,,,,,,,,,,,,,,,,,,,,,,,,,,,,,,,,,,,,,,,,,,,,,,Damage
Junkrat,Platinum,2.79,2.06,47.60,17.03,6.09,49,8409,,8.07,,,,,,,,,10.57,2.71,25,,,,,,,,,,,,,,,,,,,,,,,,,,,,,,,,,,,,,,,,,17,5.89,5.21,,,,,,,,,,,,,,,,,,,,,,,,,,,,,,,,,,,,,,,,,,,,,,,,,,,,,,,,,,,,,,,,,,,,Damage
Junkrat,Diamond,2.74,2.19,47.89,16.89,5.64,44,8380,,8.08,,,,,,,,,10.51,2.73,24,,,,,,,,,,,,,,,,,,,,,,,,,,,,,,,,,,,,,,,,,17,6.24,4.99,,,,,,,,,,,,,,,,,,,,,,,,,,,,,,,,,,,,,,,,,,,,,,,,,,,,,,,,,,,,,,,,,,,,Damage
Junkrat,Master,2.69,2.43,48.80,16.30,5.20,41,8193,,8.08,,,,,,,,,10.01,2.62,24,,,,,,,,,,,,,,,,,,,,,,,,,,,,,,,,,,,,,,,,,16,6.31,4.83,,,,,,,,,,,,,,,,,,,,,,,,,,,,,,,,,,,,,,,,,,,,,,,,,,,,,,,,,,,,,,,,,,,,Damage
Junkrat,Grandmaster,2.48,2.26,47.04,15.42,4.99,41,7924,,8.16,,,,,,,,,9.47,2.61,23,,,,,,,,,,,,,,,,,,,,,,,,,,,,,,,,,,,,,,,,,16,6.09,4.76,,,,,,,,,,,,,,,,,,,,,,,,,,,,,,,,,,,,,,,,,,,,,,,,,,,,,,,,,,,,,,,,,,,,Damage
Ashe,All,2.72,2.71,48.78,17.19,5.86,47,8804,,7.51,41,,,,,,,,9.07,1.63,,,,,,,,,,,,,,,,,,,,,,,,,,,,,,,,,,,,,,,,,,,,,1.83,5.41,2.59,,,,,,,,,,,,,,,,,,,,,,,,,,,,,,,,,,,,,,,,,,,,,,,,,,,,,,,,,,,,,,,,,Damage
Ashe,Bronze,2.69,1.18,45.38,15.44,6.06,52,7601,,7.26,38,,,,,,,,8.07,1.73,,,,,,,,,,,,,,,,,,,,,,,,,,,,,,,,,,,,,,,,,,,,,1.82,4.55,2.68,,,,,,,,,,,,,,,,,,,,,,,,,,,,,,,,,,,,,,,,,,,,,,,,,,,,,,,,,,,,,,,,,Damage
Ashe,Silver,2.74,1.54,47.71,16.19,6.12,51,7935,,7.36,39,,,,,,,,8.41,1.74,,,,,,,,,,,,,,,,,,,,,,,,,,,,,,,,,,,,,,,,,,,,,1.87,4.84,2.68,,,,,,,,,,,,,,,,,,,,,,,,,,,,,,,,,,,,,,,,,,,,,,,,,,,,,,,,,,,,,,,,,Damage
Ashe,Gold,2.82,1.91,48.02,16.73,6.15,51,8310,,7.39,40,,,,,,,,8.74,1.71,,,,,,,,,,,,,,,,,,,,,,,,,,,,,,,,,,,,,,,,,,,,,1.83,5.16,2.68,,,,,,,,,,,,,,,,,,,,,,,,,,,,,,,,,,,,,,,,,,,,,,,,,,,,,,,,,,,,,,,,,Damage
Ashe,Platinum,2.76,2.86,48.48,17.36,6.03,48,8774,,7.47,41,,,,,,,,9.15,1.68,,,,,,,,,,,,,,,,,,,,,,,,,,,,,,,,,,,,,,,,,,,,,1.84,5.48,2.63,,,,,,,,,,,,,,,,,,,,,,,,,,,,,,,,,,,,,,,,,,,,,,,,,,,,,,,,,,,,,,,,,Damage
Ashe,Diamond,2.68,3.82,48.42,17.66,5.81,45,9134,,7.65,41,,,,,,,,9.38,1.62,,,,,,,,,,,,,,,,,,,,,,,,,,,,,,,,,,,,,,,,,,,,,1.85,5.67,2.57,,,,,,,,,,,,,,,,,,,,,,,,,,,,,,,,,,,,,,,,,,,,,,,,,,,,,,,,,,,,,,,,,Damage
Ashe,Master,2.58,4.25,49.07,17.52,5.39,42,9337,,7.75,41,,,,,,,,9.33,1.52,,,,,,,,,,,,,,,,,,,,,,,,,,,,,,,,,,,,,,,,,,,,,1.85,5.61,2.47,,,,,,,,,,,,,,,,,,,,,,,,,,,,,,,,,,,,,,,,,,,,,,,,,,,,,,,,,,,,,,,,,Damage
Ashe,Grandmaster,2.62,5.11,52.08,17.39,4.99,39,9660,,7.65,41,,,,,,,,9.37,1.37,,,,,,,,,,,,,,,,,,,,,,,,,,,,,,,,,,,,,,,,,,,,,1.83,5.61,2.37,,,,,,,,,,,,,,,,,,,,,,,,,,,,,,,,,,,,,,,,,,,,,,,,,,,,,,,,,,,,,,,,,Damage
Zarya,All,4.71,2.22,45.22,19.68,8.86,126,9772,,6.15,,,,,,,,,,,,,,,,,,,,,,,,,,,40,,,,,72,,,,,,,,,,,,,,,,,,,,,,,,,,44,12.43,37.99,3.24,,,,,,,,,,,,,,,,,,,,,,,,,,,,,,,,,,,,,,,,,,,,,,,,,,,,,,,,,,,,,Tank
Zarya,Bronze,4.25,1.39,42.29,17.61,8.47,129,8497,,6.66,,,,,,,,,,,,,,,,,,,,,,,,,,,39,,,,,74,,,,,,,,,,,,,,,,,,,,,,,,,,41,10.56,35.03,2.66,,,,,,,,,,,,,,,,,,,,,,,,,,,,,,,,,,,,,,,,,,,,,,,,,,,,,,,,,,,,,Tank
Zarya,Silver,4.48,1.51,44.69,18.83,9.00,133,8998,,6.40,,,,,,,,,,,,,,,,,,,,,,,,,,,39,,,,,76,,,,,,,,,,,,,,,,,,,,,,,,,,42,11.53,36.40,2.87,,,,,,,,,,,,,,,,,,,,,,,,,,,,,,,,,,,,,,,,,,,,,,,,,,,,,,,,,,,,,Tank
Zarya,Gold,4.67,1.88,44.96,19.38,9.03,131,9392,,6.25,,,,,,,,,,,,,,,,,,,,,,,,,,,39,,,,,74,,,,,,,,,,,,,,,,,,,,,,,,,,44,12.05,37.20,3.05,,,,,,,,,,,,,,,,,,,,,,,,,,,,,,,,,,,,,,,,,,,,,,,,,,,,,,,,,,,,,Tank
Zarya,Platinum,4.70,2.48,44.90,19.80,8.93,126,9792,,6.18,,,,,,,,,,,,,,,,,,,,,,,,,,,40,,,,,72,,,,,,,,,,,,,,,,,,,,,,,,,,45,12.45,37.86,3.27,,,,,,,,,,,,,,,,,,,,,,,,,,,,,,,,,,,,,,,,,,,,,,,,,,,,,,,,,,,,,Tank
Zarya,Diamond,4.84,2.95,43.69,19.98,8.77,120,10038,,6.13,,,,,,,,,,,,,,,,,,,,,,,,,,,41,,,,,69,,,,,,,,,,,,,,,,,,,,,,,,,,45,12.78,38.38,3.44,,,,,,,,,,,,,,,,,,,,,,,,,,,,,,,,,,,,,,,,,,,,,,,,,,,,,,,,,,,,,Tank
Zarya,Master,4.80,2.92,45.29,19.62,8.42,116,10005,,6.10,,,,,,,,,,,,,,,,,,,,,,,,,,,41,,,,,66,,,,,,,,,,,,,,,,,,,,,,,,,,45,12.71,38.73,3.41,,,,,,,,,,,,,,,,,,,,,,,,,,,,,,,,,,,,,,,,,,,,,,,,,,,,,,,,,,,,,Tank
Zarya,Grandmaster,4.79,3.58,48.00,19.07,8.05,110,9922,,6.01,,,,,,,,,,,,,,,,,,,,,,,,,,,40,,,,,62,,,,,,,,,,,,,,,,,,,,,,,,,,45,12.79,39.62,3.30,,,,,,,,,,,,,,,,,,,,,,,,,,,,,,,,,,,,,,,,,,,,,,,,,,,,,,,,,,,,,Tank
Baptiste,All,4.53,2.72,47.70,10.91,4.54,58,3639,8825,6.32,,,,,,,511.90,,,,30,,,,,9,,,,,,,,,,,,,,,,,,,,,,,,,,,,,,,,,,,,,,,,,,,,,,65.42,2.34,1.60,,,,,,,,,,,,,,,,,,,,,,,,,,,,,,,,,,,,,,,,,,,,,,,,,,,,,,,,,,Support
Baptiste,Bronze,4.21,1.68,44.79,9.95,4.62,66,3343,7733,6.73,,,,,,,437.75,,,,27,,,,,8,,,,,,,,,,,,,,,,,,,,,,,,,,,,,,,,,,,,,,,,,,,,,,59.61,2.20,1.48,,,,,,,,,,,,,,,,,,,,,,,,,,,,,,,,,,,,,,,,,,,,,,,,,,,,,,,,,,Support
Baptiste,Silver,4.28,1.65,46.01,10.22,4.72,66,3353,8197,6.69,,,,,,,462.59,,,,28,,,,,8,,,,,,,,,,,,,,,,,,,,,,,,,,,,,,,,,,,,,,,,,,,,,,62.32,2.25,1.56,,,,,,,,,,,,,,,,,,,,,,,,,,,,,,,,,,,,,,,,,,,,,,,,,,,,,,,,,,Support
Baptiste,Gold,4.38,2.13,45.94,10.52,4.68,63,3434,8493,6.51,,,,,,,489.48,,,,29,,,,,8,,,,,,,,,,,,,,,,,,,,,,,,,,,,,,,,,,,,,,,,,,,,,,63.78,2.29,1.61,,,,,,,,,,,,,,,,,,,,,,,,,,,,,,,,,,,,,,,,,,,,,,,,,,,,,,,,,,Support
Baptiste,Platinum,4.54,2.57,46.48,10.86,4.59,59,3566,8834,6.33,,,,,,,512.25,,,,30,,,,,9,,,,,,,,,,,,,,,,,,,,,,,,,,,,,,,,,,,,,,,,,,,,,,65.50,2.35,1.63,,,,,,,,,,,,,,,,,,,,,,,,,,,,,,,,,,,,,,,,,,,,,,,,,,,,,,,,,,Support
Baptiste,Diamond,4.66,3.73,48.05,11.32,4.53,55,3781,9034,6.23,,,,,,,536.60,,,,31,,,,,9,,,,,,,,,,,,,,,,,,,,,,,,,,,,,,,,,,,,,,,,,,,,,,66.64,2.40,1.64,,,,,,,,,,,,,,,,,,,,,,,,,,,,,,,,,,,,,,,,,,,,,,,,,,,,,,,,,,Support
Baptiste,Master,4.60,3.99,48.25,11.23,4.32,51,3878,9122,6.20,,,,,,,536.43,,,,31,,,,,8,,,,,,,,,,,,,,,,,,,,,,,,,,,,,,,,,,,,,,,,,,,,,,67.25,2.45,1.65,,,,,,,,,,,,,,,,,,,,,,,,,,,,,,,,,,,,,,,,,,,,,,,,,,,,,,,,,,Support
Baptiste,Grandmaster,4.57,5.57,52.10,11.22,4.02,50,4112,9507,6.10,,,,,,,540.40,,,,32,,,,,8,,,,,,,,,,,,,,,,,,,,,,,,,,,,,,,,,,,,,,,,,,,,,,67.94,2.49,1.54,,,,,,,,,,,,,,,,,,,,,,,,,,,,,,,,,,,,,,,,,,,,,,,,,,,,,,,,,,Support
Roadhog,All,3.73,0.60,37.54,17.12,7.48,114,7987,,6.75,,,,,,,,,,,26,,,,,,,,,,,,,,,,,,,,,67,,,,,,,,,,,,,,,,5207.68,,,,,,,,,,,,,,,,,8.53,54.42,3.12,,,,,,,,,,,,,,,,,,,,,,,,,,,,,,,,,,,,,,,,,,,,,,,,,,,,,,,Tank
Roadhog,Bronze,3.37,0.42,34.25,14.89,6.98,116,6725,,7.04,,,,,,,,,,,24,,,,,,,,,,,,,,,,,,,,,69,,,,,,,,,,,,,,,,4913.95,,,,,,,,,,,,,,,,,7.05,52.39,2.76,,,,,,,,,,,,,,,,,,,,,,,,,,,,,,,,,,,,,,,,,,,,,,,,,,,,,,,Tank
Roadhog,Silver,3.50,0.42,35.59,15.65,7.46,118,7143,,6.93,,,,,,,,,,,24,,,,,,,,,,,,,,,,,,,,,70,,,,,,,,,,,,,,,,5016.42,,,,,,,,,,,,,,,,,7.36,53.45,2.96,,,,,,,,,,,,,,,,,,,,,,,,,,,,,,,,,,,,,,,,,,,,,,,,,,,,,,,Tank
Roadhog,Gold,3.68,0.45,36.67,16.54,7.60,118,7615,,6.90,,,,,,,,,,,25,,,,,,,,,,,,,,,,,,,,,70,,,,,,,,,,,,,,,,5061.32,,,,,,,,,,,,,,,,,7.98,54.15,3.06,,,,,,,,,,,,,,,,,,,,,,,,,,,,,,,,,,,,,,,,,,,,,,,,,,,,,,,Tank
Roadhog,Platinum,3.76,0.66,35.94,17.14,7.53,114,7998,,6.84,,,,,,,,,,,26,,,,,,,,,,,,,,,,,,,,,67,,,,,,,,,,,,,,,,5152.19,,,,,,,,,,,,,,,,,8.54,54.72,3.13,,,,,,,,,,,,,,,,,,,,,,,,,,,,,,,,,,,,,,,,,,,,,,,,,,,,,,,Tank
Roadhog,Diamond,3.68,0.93,36.90,17.55,7.36,109,8204,,6.77,,,,,,,,,,,26,,,,,,,,,,,,,,,,,,,,,64,,,,,,,,,,,,,,,,5199.64,,,,,,,,,,,,,,,,,8.95,54.61,3.22,,,,,,,,,,,,,,,,,,,,,,,,,,,,,,,,,,,,,,,,,,,,,,,,,,,,,,,Tank
Roadhog,Master,3.66,1.09,38.77,17.05,7.10,105,7999,,6.77,,,,,,,,,,,26,,,,,,,,,,,,,,,,,,,,,60,,,,,,,,,,,,,,,,5151.83,,,,,,,,,,,,,,,,,8.73,53.66,3.18,,,,,,,,,,,,,,,,,,,,,,,,,,,,,,,,,,,,,,,,,,,,,,,,,,,,,,,Tank
Roadhog,Grandmaster,3.47,1.23,37.96,16.08,6.53,99,7587,,6.69,,,,,,,,,,,26,,,,,,,,,,,,,,,,,,,,,55,,,,,,,,,,,,,,,,5237.26,,,,,,,,,,,,,,,,,8.33,52.81,2.97,,,,,,,,,,,,,,,,,,,,,,,,,,,,,,,,,,,,,,,,,,,,,,,,,,,,,,,Tank
Reaper,All,2.86,2.06,47.19,19.88,7.59,75,8242,,7.98,,,,,,,,,10.94,1.94,29,,,,,10,,,,,,,,,,,,,,,,,,,,,,,,,,,,,,,,1555.80,,,,,,,,,,,,,,,,,,,,4.11,,,,,,,,,,,,,,,,,,,,,,,,,,,,,,,,,,,,,,,,,,,,,,,,,,,,,,Damage
Reaper,Bronze,2.87,1.38,45.05,18.89,7.64,79,7549,,8.03,,,,,,,,,10.58,2.28,27,,,,,9,,,,,,,,,,,,,,,,,,,,,,,,,,,,,,,,1440.81,,,,,,,,,,,,,,,,,,,,4.11,,,,,,,,,,,,,,,,,,,,,,,,,,,,,,,,,,,,,,,,,,,,,,,,,,,,,,Damage
Reaper,Silver,2.85,1.86,47.45,19.47,7.79,79,7798,,8.06,,,,,,,,,10.87,2.17,28,,,,,9,,,,,,,,,,,,,,,,,,,,,,,,,,,,,,,,1482.46,,,,,,,,,,,,,,,,,,,,4.21,,,,,,,,,,,,,,,,,,,,,,,,,,,,,,,,,,,,,,,,,,,,,,,,,,,,,,Damage
Reaper,Gold,2.89,2.06,47.53,19.87,7.74,77,8094,,8.00,,,,,,,,,11.00,2.05,29,,,,,10,,,,,,,,,,,,,,,,,,,,,,,,,,,,,,,,1530.42,,,,,,,,,,,,,,,,,,,,4.19,,,,,,,,,,,,,,,,,,,,,,,,,,,,,,,,,,,,,,,,,,,,,,,,,,,,,,Damage
Reaper,Platinum,2.88,2.27,46.58,20.09,7.66,74,8345,,7.98,,,,,,,,,11.08,1.93,29,,,,,10,,,,,,,,,,,,,,,,,,,,,,,,,,,,,,,,1570.47,,,,,,,,,,,,,,,,,,,,4.15,,,,,,,,,,,,,,,,,,,,,,,,,,,,,,,,,,,,,,,,,,,,,,,,,,,,,,Damage
Reaper,Diamond,2.83,2.43,46.82,20.14,7.49,72,8525,,8.02,,,,,,,,,11.05,1.85,30,,,,,10,,,,,,,,,,,,,,,,,,,,,,,,,,,,,,,,1602.60,,,,,,,,,,,,,,,,,,,,4.10,,,,,,,,,,,,,,,,,,,,,,,,,,,,,,,,,,,,,,,,,,,,,,,,,,,,,,Damage
Reaper,Master,2.71,2.22,46.83,19.38,7.06,69,8389,,8.06,,,,,,,,,10.47,1.78,30,,,,,10,,,,,,,,,,,,,,,,,,,,,,,,,,,,,,,,1587.49,,,,,,,,,,,,,,,,,,,,3.82,,,,,,,,,,,,,,,,,,,,,,,,,,,,,,,,,,,,,,,,,,,,,,,,,,,,,,Damage
Reaper,Grandmaster,2.74,1.84,46.86,19.09,6.86,69,8216,,7.91,,,,,,,,,10.22,1.85,29,,,,,9,,,,,,,,,,,,,,,,,,,,,,,,,,,,,,,,1579.44,,,,,,,,,,,,,,,,,,,,3.73,,,,,,,,,,,,,,,,,,,,,,,,,,,,,,,,,,,,,,,,,,,,,,,,,,,,,,Damage
Pharah,All,3.04,1.88,49.31,20.85,6.32,39,9082,,8.41,,,,,,,,,12.66,2.26,46,,,,,,,,,,,,1.22,,,,,,,,,,,,,,,,,,,,,,,,,,,,,16,,,,,,,,,,,,,,,,,67.28,3.66,,,,,,,,,,,,,,,,,,,,,,,,,,,,,,,,,,,,,,,,,,,,,,,,,,,,Damage
Pharah,Bronze,3.17,1.09,45.94,19.08,6.74,45,8297,,8.00,,,,,,,,,11.24,2.61,45,,,,,,,,,,,,1.22,,,,,,,,,,,,,,,,,,,,,,,,,,,,,15,,,,,,,,,,,,,,,,,61.73,3.36,,,,,,,,,,,,,,,,,,,,,,,,,,,,,,,,,,,,,,,,,,,,,,,,,,,,Damage
Pharah,Silver,3.20,1.37,48.28,20.03,6.69,43,8567,,8.17,,,,,,,,,11.86,2.65,46,,,,,,,,,,,,1.18,,,,,,,,,,,,,,,,,,,,,,,,,,,,,16,,,,,,,,,,,,,,,,,63.32,3.50,,,,,,,,,,,,,,,,,,,,,,,,,,,,,,,,,,,,,,,,,,,,,,,,,,,,Damage
Pharah,Gold,3.14,1.64,49.32,20.69,6.61,41,8871,,8.27,,,,,,,,,12.44,2.50,47,,,,,,,,,,,,1.18,,,,,,,,,,,,,,,,,,,,,,,,,,,,,16,,,,,,,,,,,,,,,,,65.42,3.63,,,,,,,,,,,,,,,,,,,,,,,,,,,,,,,,,,,,,,,,,,,,,,,,,,,,Damage
Pharah,Platinum,3.05,2.04,49.19,21.12,6.38,40,9137,,8.45,,,,,,,,,12.86,2.33,47,,,,,,,,,,,,1.22,,,,,,,,,,,,,,,,,,,,,,,,,,,,,16,,,,,,,,,,,,,,,,,67.23,3.71,,,,,,,,,,,,,,,,,,,,,,,,,,,,,,,,,,,,,,,,,,,,,,,,,,,,Damage
Pharah,Diamond,2.92,2.29,48.48,21.16,6.04,37,9318,,8.65,,,,,,,,,13.01,2.09,46,,,,,,,,,,,,1.26,,,,,,,,,,,,,,,,,,,,,,,,,,,,,16,,,,,,,,,,,,,,,,,69.13,3.72,,,,,,,,,,,,,,,,,,,,,,,,,,,,,,,,,,,,,,,,,,,,,,,,,,,,Damage
Pharah,Master,2.84,2.69,50.16,20.89,5.68,35,9413,,8.64,,,,,,,,,12.89,1.84,44,,,,,,,,,,,,1.32,,,,,,,,,,,,,,,,,,,,,,,,,,,,,15,,,,,,,,,,,,,,,,,70.81,3.66,,,,,,,,,,,,,,,,,,,,,,,,,,,,,,,,,,,,,,,,,,,,,,,,,,,,Damage
Pharah,Grandmaster,3.03,2.45,52.90,20.73,5.49,33,9406,,8.31,,,,,,,,,12.98,1.75,43,,,,,,,,,,,,1.35,,,,,,,,,,,,,,,,,,,,,,,,,,,,,15,,,,,,,,,,,,,,,,,71.99,3.61,,,,,,,,,,,,,,,,,,,,,,,,,,,,,,,,,,,,,,,,,,,,,,,,,,,,Damage
Sigma,All,4.86,1.87,48.23,18.22,8.02,127,9787,,5.13,,,,,,,,,,,51,,,,,,,,,,,,,,,,,,,,,69,,,,,,,,,,,,,,,,,,,,,,,,,,,,,,,,,,,,,,,5.25,1264.96,2.50,,,,,,,,,,,,,,,,,,,,,,,,,,,,,,,,,,,,,,,,,,,,,,,,,Tank
Sigma,Bronze,4.33,1.21,44.23,16.57,8.38,133,8692,,5.49,,,,,,,,,,,47,,,,,,,,,,,,,,,,,,,,,76,,,,,,,,,,,,,,,,,,,,,,,,,,,,,,,,,,,,,,,4.47,1260.79,2.19,,,,,,,,,,,,,,,,,,,,,,,,,,,,,,,,,,,,,,,,,,,,,,,,,Tank
Sigma,Silver,4.61,1.31,45.43,17.41,8.60,133,9130,,5.35,,,,,,,,,,,48,,,,,,,,,,,,,,,,,,,,,76,,,,,,,,,,,,,,,,,,,,,,,,,,,,,,,,,,,,,,,4.82,1334.18,2.36,,,,,,,,,,,,,,,,,,,,,,,,,,,,,,,,,,,,,,,,,,,,,,,,,Tank
Sigma,Gold,4.81,1.46,48.14,17.95,8.53,134,9454,,5.26,,,,,,,,,,,49,,,,,,,,,,,,,,,,,,,,,75,,,,,,,,,,,,,,,,,,,,,,,,,,,,,,,,,,,,,,,5.09,1324.04,2.49,,,,,,,,,,,,,,,,,,,,,,,,,,,,,,,,,,,,,,,,,,,,,,,,,Tank
Sigma,Platinum,4.97,1.94,48.37,18.41,8.21,128,9794,,5.14,,,,,,,,,,,51,,,,,,,,,,,,,,,,,,,,,70,,,,,,,,,,,,,,,,,,,,,,,,,,,,,,,,,,,,,,,5.33,1288.66,2.58,,,,,,,,,,,,,,,,,,,,,,,,,,,,,,,,,,,,,,,,,,,,,,,,,Tank
Sigma,Diamond,4.88,2.32,47.56,18.57,7.74,122,10031,,5.13,,,,,,,,,,,52,,,,,,,,,,,,,,,,,,,,,65,,,,,,,,,,,,,,,,,,,,,,,,,,,,,,,,,,,,,,,5.45,1226.54,2.57,,,,,,,,,,,,,,,,,,,,,,,,,,,,,,,,,,,,,,,,,,,,,,,,,Tank
Sigma,Master,4.78,2.91,48.03,18.08,7.25,117,10025,,5.12,,,,,,,,,,,52,,,,,,,,,,,,,,,,,,,,,60,,,,,,,,,,,,,,,,,,,,,,,,,,,,,,,,,,,,,,,5.36,1158.24,2.44,,,,,,,,,,,,,,,,,,,,,,,,,,,,,,,,,,,,,,,,,,,,,,,,,Tank
Sigma,Grandmaster,4.44,3.92,47.26,17.23,6.61,117,9925,,5.11,,,,,,,,,,,52,,,,,,,,,,,,,,,,,,,,,55,,,,,,,,,,,,,,,,,,,,,,,,,,,,,,,,,,,,,,,5.07,1173.43,2.29,,,,,,,,,,,,,,,,,,,,,,,,,,,,,,,,,,,,,,,,,,,,,,,,,Tank
Doomfist,All,3.38,1.43,49.62,18.34,5.92,91,8174,,7.58,,,,,,,,,,,27,,,,,,,,,,,,,,,,,,,,,56,,,,,,,,,,,,,,,,,,,,,,,,,,,,,,,,,,,,,,,,2817.38,,10.19,9.17,2.33,,,,,,,,,,,,,,,,,,,,,,,,,,,,,,,,,,,,,,,,,,,,,,Tank
Doomfist,Bronze,3.54,0.38,43.96,16.34,5.84,94,7300,,7.83,,,,,,,,,,,26,,,,,,,,,,,,,,,,,,,,,62,,,,,,,,,,,,,,,,,,,,,,,,,,,,,,,,,,,,,,,,2657.41,,9.04,8.19,2.44,,,,,,,,,,,,,,,,,,,,,,,,,,,,,,,,,,,,,,,,,,,,,,Tank
Doomfist,Silver,3.33,0.53,45.86,17.07,6.06,98,7550,,7.79,,,,,,,,,,,26,,,,,,,,,,,,,,,,,,,,,61,,,,,,,,,,,,,,,,,,,,,,,,,,,,,,,,,,,,,,,,2801.37,,9.51,8.70,2.42,,,,,,,,,,,,,,,,,,,,,,,,,,,,,,,,,,,,,,,,,,,,,,Tank
Doomfist,Gold,3.43,0.76,48.83,17.81,6.23,98,7810,,7.67,,,,,,,,,,,27,,,,,,,,,,,,,,,,,,,,,61,,,,,,,,,,,,,,,,,,,,,,,,,,,,,,,,,,,,,,,,2832.71,,10.07,8.99,2.46,,,,,,,,,,,,,,,,,,,,,,,,,,,,,,,,,,,,,,,,,,,,,,Tank
Doomfist,Platinum,3.41,1.49,50.38,18.27,6.06,94,8177,,7.59,,,,,,,,,,,27,,,,,,,,,,,,,,,,,,,,,58,,,,,,,,,,,,,,,,,,,,,,,,,,,,,,,,,,,,,,,,2880.80,,10.25,9.23,2.38,,,,,,,,,,,,,,,,,,,,,,,,,,,,,,,,,,,,,,,,,,,,,,Tank
Doomfist,Diamond,3.40,2.20,49.22,18.91,5.89,88,8403,,7.55,,,,,,,,,,,28,,,,,,,,,,,,,,,,,,,,,54,,,,,,,,,,,,,,,,,,,,,,,,,,,,,,,,,,,,,,,,2839.40,,10.50,9.44,2.35,,,,,,,,,,,,,,,,,,,,,,,,,,,,,,,,,,,,,,,,,,,,,,Tank
Doomfist,Master,3.31,2.72,48.83,18.67,5.63,83,8373,,7.52,,,,,,,,,,,27,,,,,,,,,,,,,,,,,,,,,51,,,,,,,,,,,,,,,,,,,,,,,,,,,,,,,,,,,,,,,,2746.16,,10.22,9.20,2.25,,,,,,,,,,,,,,,,,,,,,,,,,,,,,,,,,,,,,,,,,,,,,,Tank
Doomfist,Grandmaster,3.28,4.15,50.19,18.39,5.34,80,8317,,7.51,,,,,,,,,,,27,,,,,,,,,,,,,,,,,,,,,51,,,,,,,,,,,,,,,,,,,,,,,,,,,,,,,,,,,,,,,,2660.32,,9.86,8.97,2.03,,,,,,,,,,,,,,,,,,,,,,,,,,,,,,,,,,,,,,,,,,,,,,Tank
Brigitte,All,4.76,1.80,51.84,12.20,4.91,87,3780,8420,7.35,,,,,,,,,,,,,,,,,,,,,,,,,,,,,,,,,,,,,,,,,,,,,,,,,,,,,,,,,,,,,,,,,,,,,,,,716.04,,,,,32,,,,,,,,,,,,,,,,,,,,,,,,,,,,,,,,,,,,,,,,,,,,,Support
Brigitte,Bronze,4.12,0.83,48.51,11.93,5.09,94,3582,7610,8.19,,,,,,,,,,,,,,,,,,,,,,,,,,,,,,,,,,,,,,,,,,,,,,,,,,,,,,,,,,,,,,,,,,,,,,,,649.15,,,,,29,,,,,,,,,,,,,,,,,,,,,,,,,,,,,,,,,,,,,,,,,,,,,Support
Brigitte,Silver,4.50,0.94,50.05,12.48,5.29,93,3755,7968,8.02,,,,,,,,,,,,,,,,,,,,,,,,,,,,,,,,,,,,,,,,,,,,,,,,,,,,,,,,,,,,,,,,,,,,,,,,682.58,,,,,31,,,,,,,,,,,,,,,,,,,,,,,,,,,,,,,,,,,,,,,,,,,,,Support
Brigitte,Gold,4.61,1.19,50.68,12.66,5.23,92,3834,8198,7.80,,,,,,,,,,,,,,,,,,,,,,,,,,,,,,,,,,,,,,,,,,,,,,,,,,,,,,,,,,,,,,,,,,,,,,,,708.56,,,,,31,,,,,,,,,,,,,,,,,,,,,,,,,,,,,,,,,,,,,,,,,,,,,Support
Brigitte,Platinum,4.80,1.56,50.74,12.60,5.10,88,3855,8447,7.52,,,,,,,,,,,,,,,,,,,,,,,,,,,,,,,,,,,,,,,,,,,,,,,,,,,,,,,,,,,,,,,,,,,,,,,,726.80,,,,,32,,,,,,,,,,,,,,,,,,,,,,,,,,,,,,,,,,,,,,,,,,,,,Support
Brigitte,Diamond,4.85,2.42,51.70,12.33,4.91,83,3842,8594,7.29,,,,,,,,,,,,,,,,,,,,,,,,,,,,,,,,,,,,,,,,,,,,,,,,,,,,,,,,,,,,,,,,,,,,,,,,731.73,,,,,32,,,,,,,,,,,,,,,,,,,,,,,,,,,,,,,,,,,,,,,,,,,,,Support
Brigitte,Master,4.82,3.27,52.77,11.56,4.55,82,3670,8581,6.90,,,,,,,,,,,,,,,,,,,,,,,,,,,,,,,,,,,,,,,,,,,,,,,,,,,,,,,,,,,,,,,,,,,,,,,,716.38,,,,,32,,,,,,,,,,,,,,,,,,,,,,,,,,,,,,,,,,,,,,,,,,,,,Support
Brigitte,Grandmaster,4.87,5.41,54.31,10.54,4.10,83,3546,8702,6.26,,,,,,,,,,,,,,,,,,,,,,,,,,,,,,,,,,,,,,,,,,,,,,,,,,,,,,,,,,,,,,,,,,,,,,,,707.82,,,,,32,,,,,,,,,,,,,,,,,,,,,,,,,,,,,,,,,,,,,,,,,,,,,Support
Mei,All,3.85,2.24,49.33,17.98,7.61,91,7066,,7.21,,,,,,,,,7.83,1.07,50,,,,,,,,,,,,,,,,,,,,,,,,,,,,,,,,,,,,,1047.05,,,,,,,,,,,,,,,,,,,,,,,,,,,,,,26,15,3.45,3.61,,,,,,,,,,,,,,,,,,,,,,,,,,,,,,,,,,,,,,,,,Damage
Mei,Bronze,3.79,1.36,47.56,17.19,8.05,100,6570,,7.33,,,,,,,,,7.54,1.20,47,,,,,,,,,,,,,,,,,,,,,,,,,,,,,,,,,,,,,1111.64,,,,,,,,,,,,,,,,,,,,,,,,,,,,,,26,14,4.04,3.66,,,,,,,,,,,,,,,,,,,,,,,,,,,,,,,,,,,,,,,,,Damage
Mei,Silver,3.88,1.60,48.16,17.84,8.13,100,6817,,7.34,,,,,,,,,7.70,1.14,48,,,,,,,,,,,,,,,,,,,,,,,,,,,,,,,,,,,,,1100.22,,,,,,,,,,,,,,,,,,,,,,,,,,,,,,27,14,3.92,3.79,,,,,,,,,,,,,,,,,,,,,,,,,,,,,,,,,,,,,,,,,Damage
Mei,Gold,3.99,1.84,49.04,18.13,7.99,96,6970,,7.23,,,,,,,,,7.83,1.09,50,,,,,,,,,,,,,,,,,,,,,,,,,,,,,,,,,,,,,1075.42,,,,,,,,,,,,,,,,,,,,,,,,,,,,,,26,15,3.70,3.76,,,,,,,,,,,,,,,,,,,,,,,,,,,,,,,,,,,,,,,,,Damage
Mei,Platinum,3.88,2.35,48.45,18.12,7.67,91,7118,,7.23,,,,,,,,,7.89,1.06,51,,,,,,,,,,,,,,,,,,,,,,,,,,,,,,,,,,,,,1051.06,,,,,,,,,,,,,,,,,,,,,,,,,,,,,,26,15,3.45,3.64,,,,,,,,,,,,,,,,,,,,,,,,,,,,,,,,,,,,,,,,,Damage
Mei,Diamond,3.72,2.86,49.72,18.00,7.37,87,7203,,7.22,,,,,,,,,7.92,1.08,52,,,,,,,,,,,,,,,,,,,,,,,,,,,,,,,,,,,,,1021.85,,,,,,,,,,,,,,,,,,,,,,,,,,,,,,26,16,3.24,3.52,,,,,,,,,,,,,,,,,,,,,,,,,,,,,,,,,,,,,,,,,Damage
Mei,Master,3.69,3.18,50.15,17.57,6.93,81,7123,,7.13,,,,,,,,,7.72,1.03,52,,,,,,,,,,,,,,,,,,,,,,,,,,,,,,,,,,,,,996.81,,,,,,,,,,,,,,,,,,,,,,,,,,,,,,26,16,3.02,3.39,,,,,,,,,,,,,,,,,,,,,,,,,,,,,,,,,,,,,,,,,Damage
Mei,Grandmaster,3.56,3.39,50.46,17.04,6.48,77,7022,,7.11,,,,,,,,,7.44,1.01,52,,,,,,,,,,,,,,,,,,,,,,,,,,,,,,,,,,,,,993.03,,,,,,,,,,,,,,,,,,,,,,,,,,,,,,25,17,2.82,3.21,,,,,,,,,,,,,,,,,,,,,,,,,,,,,,,,,,,,,,,,,Damage
Orisa,All,3.85,1.66,43.54,18.23,8.10,125,9586,,6.99,,,,,,,,,,,31,,,,,,,,,,,,,,,,,,,,,77,,,,,,,,,,,,,,,,,,,,,,,,,,,,,,,,,,,,,,,,,,,,,,,,,,6.03,4.40,3.50,,,,,,,,,,,,,,,,,,,,,,,,,,,,,,,,,,,,,,Tank
Orisa,Bronze,3.42,1.52,41.61,16.33,7.97,129,8518,,7.38,,,,,,,,,,,30,,,,,,,,,,,,,,,,,,,,,77,,,,,,,,,,,,,,,,,,,,,,,,,,,,,,,,,,,,,,,,,,,,,,,,,,4.85,3.51,2.99,,,,,,,,,,,,,,,,,,,,,,,,,,,,,,,,,,,,,,Tank
Orisa,Silver,3.69,1.60,43.68,17.41,8.32,131,9047,,7.21,,,,,,,,,,,31,,,,,,,,,,,,,,,,,,,,,80,,,,,,,,,,,,,,,,,,,,,,,,,,,,,,,,,,,,,,,,,,,,,,,,,,5.26,4.02,3.27,,,,,,,,,,,,,,,,,,,,,,,,,,,,,,,,,,,,,,Tank
Orisa,Gold,3.81,1.64,43.82,17.90,8.29,128,9378,,7.11,,,,,,,,,,,31,,,,,,,,,,,,,,,,,,,,,78,,,,,,,,,,,,,,,,,,,,,,,,,,,,,,,,,,,,,,,,,,,,,,,,,,5.68,4.30,3.47,,,,,,,,,,,,,,,,,,,,,,,,,,,,,,,,,,,,,,Tank
Orisa,Platinum,3.86,1.84,42.66,18.36,8.07,123,9694,,6.99,,,,,,,,,,,31,,,,,,,,,,,,,,,,,,,,,76,,,,,,,,,,,,,,,,,,,,,,,,,,,,,,,,,,,,,,,,,,,,,,,,,,6.15,4.57,3.55,,,,,,,,,,,,,,,,,,,,,,,,,,,,,,,,,,,,,,Tank
Orisa,Diamond,3.91,1.91,42.06,18.55,7.84,119,9827,,6.94,,,,,,,,,,,31,,,,,,,,,,,,,,,,,,,,,74,,,,,,,,,,,,,,,,,,,,,,,,,,,,,,,,,,,,,,,,,,,,,,,,,,6.50,4.27,3.59,,,,,,,,,,,,,,,,,,,,,,,,,,,,,,,,,,,,,,Tank
Orisa,Master,3.85,1.58,40.25,18.06,7.47,116,9527,,6.97,,,,,,,,,,,31,,,,,,,,,,,,,,,,,,,,,71,,,,,,,,,,,,,,,,,,,,,,,,,,,,,,,,,,,,,,,,,,,,,,,,,,6.47,3.41,3.41,,,,,,,,,,,,,,,,,,,,,,,,,,,,,,,,,,,,,,Tank
Orisa,Grandmaster,3.51,2.28,45.95,17.04,7.12,115,9033,,7.16,,,,,,,,,,,30,,,,,,,,,,,,,,,,,,,,,68,,,,,,,,,,,,,,,,,,,,,,,,,,,,,,,,,,,,,,,,,,,,,,,,,,6.07,2.86,3.12,,,,,,,,,,,,,,,,,,,,,,,,,,,,,,,,,,,,,,Tank
Winston,All,3.97,1.62,43.32,19.56,6.36,107,7962,,6.84,,,,,,,,,,,,,,,,,,,,,,,,,,,46,,,,,60,,,,,,,,,,,,,,,,,,,,,,,,,,64,,,,,,,,,,,,,,,,,,,,,,,,,,,7.95,1.95,,,,,,,,,,,,,,,,,,,,,,,,,,,,,,,,,,,,Tank
Winston,Bronze,3.39,0.70,38.49,17.33,6.83,122,6882,,7.56,,,,,,,,,,,,,,,,,,,,,,,,,,,40,,,,,72,,,,,,,,,,,,,,,,,,,,,,,,,,58,,,,,,,,,,,,,,,,,,,,,,,,,,,6.11,1.67,,,,,,,,,,,,,,,,,,,,,,,,,,,,,,,,,,,,Tank
Winston,Silver,3.71,0.70,42.20,18.69,7.10,121,7303,,7.26,,,,,,,,,,,,,,,,,,,,,,,,,,,41,,,,,71,,,,,,,,,,,,,,,,,,,,,,,,,,61,,,,,,,,,,,,,,,,,,,,,,,,,,,6.61,1.75,,,,,,,,,,,,,,,,,,,,,,,,,,,,,,,,,,,,Tank
Winston,Gold,3.82,0.93,40.45,19.17,6.87,116,7609,,7.20,,,,,,,,,,,,,,,,,,,,,,,,,,,42,,,,,67,,,,,,,,,,,,,,,,,,,,,,,,,,62,,,,,,,,,,,,,,,,,,,,,,,,,,,7.15,1.79,,,,,,,,,,,,,,,,,,,,,,,,,,,,,,,,,,,,Tank
Winston,Platinum,3.96,1.63,41.93,19.68,6.53,109,7918,,6.95,,,,,,,,,,,,,,,,,,,,,,,,,,,44,,,,,62,,,,,,,,,,,,,,,,,,,,,,,,,,64,,,,,,,,,,,,,,,,,,,,,,,,,,,7.90,1.90,,,,,,,,,,,,,,,,,,,,,,,,,,,,,,,,,,,,Tank
Winston,Diamond,4.01,2.41,42.54,19.90,6.19,102,8129,,6.80,,,,,,,,,,,,,,,,,,,,,,,,,,,47,,,,,56,,,,,,,,,,,,,,,,,,,,,,,,,,65,,,,,,,,,,,,,,,,,,,,,,,,,,,8.46,2.03,,,,,,,,,,,,,,,,,,,,,,,,,,,,,,,,,,,,Tank
Winston,Master,4.02,3.31,44.54,19.44,5.77,97,8143,,6.63,,,,,,,,,,,,,,,,,,,,,,,,,,,50,,,,,52,,,,,,,,,,,,,,,,,,,,,,,,,,65,,,,,,,,,,,,,,,,,,,,,,,,,,,8.41,2.09,,,,,,,,,,,,,,,,,,,,,,,,,,,,,,,,,,,,Tank
Winston,Grandmaster,4.10,4.48,48.07,18.96,5.34,92,8251,,6.38,,,,,,,,,,,,,,,,,,,,,,,,,,,53,,,,,50,,,,,,,,,,,,,,,,,,,,,,,,,,66,,,,,,,,,,,,,,,,,,,,,,,,,,,8.22,2.22,,,,,,,,,,,,,,,,,,,,,,,,,,,,,,,,,,,,Tank
Sombra,All,5.02,1.47,43.85,16.40,5.77,42,5620,,5.84,,,,,,,,,6.58,1.40,34,,,,,,,,,,,,,,,,,,,,,,,,,,,,,,,,,,,,,,,,,,,,,,,,,,,,,,,,,,,,,,,,,,,,,,,,,,,,28.35,2.47,3.58,,,,,,,,,,,,,,,,,,,,,,,,,,,,,,,,,Damage
Sombra,Bronze,4.36,0.68,36.18,14.18,5.36,48,4715,,6.30,,,,,,,,,6.01,1.68,32,,,,,,,,,,,,,,,,,,,,,,,,,,,,,,,,,,,,,,,,,,,,,,,,,,,,,,,,,,,,,,,,,,,,,,,,,,,,26.72,2.10,2.94,,,,,,,,,,,,,,,,,,,,,,,,,,,,,,,,,Damage
Sombra,Silver,4.70,0.77,41.27,15.31,5.73,47,4969,,6.28,,,,,,,,,6.44,1.68,33,,,,,,,,,,,,,,,,,,,,,,,,,,,,,,,,,,,,,,,,,,,,,,,,,,,,,,,,,,,,,,,,,,,,,,,,,,,,27.91,2.23,3.28,,,,,,,,,,,,,,,,,,,,,,,,,,,,,,,,,Damage
Sombra,Gold,4.87,0.95,42.74,16.19,5.92,45,5313,,6.04,,,,,,,,,6.66,1.57,33,,,,,,,,,,,,,,,,,,,,,,,,,,,,,,,,,,,,,,,,,,,,,,,,,,,,,,,,,,,,,,,,,,,,,,,,,,,,28.55,2.28,3.47,,,,,,,,,,,,,,,,,,,,,,,,,,,,,,,,,Damage
Sombra,Platinum,4.92,1.39,43.89,16.47,5.83,43,5545,,5.94,,,,,,,,,6.65,1.45,34,,,,,,,,,,,,,,,,,,,,,,,,,,,,,,,,,,,,,,,,,,,,,,,,,,,,,,,,,,,,,,,,,,,,,,,,,,,,28.50,2.39,3.62,,,,,,,,,,,,,,,,,,,,,,,,,,,,,,,,,Damage
Sombra,Diamond,5.03,2.12,44.52,16.76,5.81,41,5830,,5.84,,,,,,,,,6.69,1.36,35,,,,,,,,,,,,,,,,,,,,,,,,,,,,,,,,,,,,,,,,,,,,,,,,,,,,,,,,,,,,,,,,,,,,,,,,,,,,28.54,2.50,3.73,,,,,,,,,,,,,,,,,,,,,,,,,,,,,,,,,Damage
Sombra,Master,5.13,2.75,43.34,16.60,5.65,40,5980,,5.62,,,,,,,,,6.48,1.21,35,,,,,,,,,,,,,,,,,,,,,,,,,,,,,,,,,,,,,,,,,,,,,,,,,,,,,,,,,,,,,,,,,,,,,,,,,,,,28.16,2.66,3.66,,,,,,,,,,,,,,,,,,,,,,,,,,,,,,,,,Damage
Sombra,Grandmaster,5.45,3.31,45.00,16.24,5.34,38,6093,,5.25,,,,,,,,,6.28,1.10,35,,,,,,,,,,,,,,,,,,,,,,,,,,,,,,,,,,,,,,,,,,,,,,,,,,,,,,,,,,,,,,,,,,,,,,,,,,,,27.09,2.91,3.60,,,,,,,,,,,,,,,,,,,,,,,,,,,,,,,,,Damage
Bastion,All,2.94,1.42,44.15,19.60,8.17,66,10167,,8.13,,,,,,,,,10.18,1.16,26,,,,,,,,,,,,,,,,,,,,,,,,,,,,,,,,,,,,,,,,,,,,,,,,,,,,,,,,,,,,,,,,,,,,,,,,,,,,,,,9.76,11.81,4.74,1.64,,,,,,,,,,,,,,,,,,,,,,,,,,,,,Damage
Bastion,Bronze,2.80,1.38,40.82,18.70,8.38,69,9493,,8.46,,,,,,,,,9.85,1.26,24,,,,,,,,,,,,,,,,,,,,,,,,,,,,,,,,,,,,,,,,,,,,,,,,,,,,,,,,,,,,,,,,,,,,,,,,,,,,,,,9.04,11.42,4.37,1.59,,,,,,,,,,,,,,,,,,,,,,,,,,,,,Damage
Bastion,Silver,2.83,1.32,41.93,19.17,8.44,69,9766,,8.40,,,,,,,,,9.99,1.25,25,,,,,,,,,,,,,,,,,,,,,,,,,,,,,,,,,,,,,,,,,,,,,,,,,,,,,,,,,,,,,,,,,,,,,,,,,,,,,,,9.40,11.66,4.48,1.62,,,,,,,,,,,,,,,,,,,,,,,,,,,,,Damage
Bastion,Gold,2.89,1.42,44.17,19.53,8.41,69,10032,,8.23,,,,,,,,,10.16,1.17,25,,,,,,,,,,,,,,,,,,,,,,,,,,,,,,,,,,,,,,,,,,,,,,,,,,,,,,,,,,,,,,,,,,,,,,,,,,,,,,,9.62,11.84,4.63,1.64,,,,,,,,,,,,,,,,,,,,,,,,,,,,,Damage
Bastion,Platinum,2.97,1.53,44.26,19.85,8.25,66,10311,,8.11,,,,,,,,,10.32,1.17,26,,,,,,,,,,,,,,,,,,,,,,,,,,,,,,,,,,,,,,,,,,,,,,,,,,,,,,,,,,,,,,,,,,,,,,,,,,,,,,,9.89,11.97,4.80,1.67,,,,,,,,,,,,,,,,,,,,,,,,,,,,,Damage
Bastion,Diamond,2.97,1.55,43.29,19.74,7.91,63,10393,,8.04,,,,,,,,,10.25,1.14,26,,,,,,,,,,,,,,,,,,,,,,,,,,,,,,,,,,,,,,,,,,,,,,,,,,,,,,,,,,,,,,,,,,,,,,,,,,,,,,,9.97,11.83,4.91,1.66,,,,,,,,,,,,,,,,,,,,,,,,,,,,,Damage
Bastion,Master,2.98,1.48,42.62,19.29,7.56,59,10274,,8.00,,,,,,,,,10.00,1.15,26,,,,,,,,,,,,,,,,,,,,,,,,,,,,,,,,,,,,,,,,,,,,,,,,,,,,,,,,,,,,,,,,,,,,,,,,,,,,,,,9.79,11.52,4.85,1.65,,,,,,,,,,,,,,,,,,,,,,,,,,,,,Damage
Bastion,Grandmaster,2.75,1.51,44.05,18.66,7.22,57,9998,,8.16,,,,,,,,,9.72,1.19,26,,,,,,,,,,,,,,,,,,,,,,,,,,,,,,,,,,,,,,,,,,,,,,,,,,,,,,,,,,,,,,,,,,,,,,,,,,,,,,,9.31,11.20,4.63,1.58,,,,,,,,,,,,,,,,,,,,,,,,,,,,,Damage
Symmetra,All,3.53,1.29,51.48,19.00,8.24,65,8363,,7.86,,,,,,,,,8.55,1.19,,,,,,,,,,,,,,,,,34,,,,,,,,,,,,,,,,,,,,,,,,,,,,,,,40,,,,,,,,,,,,,,,,,,,,,,,,,,,,,,,,,,,,1.85,18.58,9.59,,,,,,,,,,,,,,,,,,,,,,,,,,Damage
Symmetra,Bronze,3.65,0.93,50.98,18.48,8.67,68,7738,,7.90,,,,,,,,,8.28,1.38,,,,,,,,,,,,,,,,,33,,,,,,,,,,,,,,,,,,,,,,,,,,,,,,,36,,,,,,,,,,,,,,,,,,,,,,,,,,,,,,,,,,,,1.72,11.51,10.60,,,,,,,,,,,,,,,,,,,,,,,,,,Damage
Symmetra,Silver,3.66,1.16,51.37,19.03,8.65,68,8078,,7.95,,,,,,,,,8.58,1.31,,,,,,,,,,,,,,,,,34,,,,,,,,,,,,,,,,,,,,,,,,,,,,,,,38,,,,,,,,,,,,,,,,,,,,,,,,,,,,,,,,,,,,1.79,13.23,10.31,,,,,,,,,,,,,,,,,,,,,,,,,,Damage
Symmetra,Gold,3.66,1.20,52.36,19.31,8.56,66,8336,,7.88,,,,,,,,,8.71,1.25,,,,,,,,,,,,,,,,,34,,,,,,,,,,,,,,,,,,,,,,,,,,,,,,,39,,,,,,,,,,,,,,,,,,,,,,,,,,,,,,,,,,,,1.83,15.28,10.06,,,,,,,,,,,,,,,,,,,,,,,,,,Damage
Symmetra,Platinum,3.53,1.41,51.05,19.27,8.29,64,8511,,7.89,,,,,,,,,8.71,1.19,,,,,,,,,,,,,,,,,35,,,,,,,,,,,,,,,,,,,,,,,,,,,,,,,41,,,,,,,,,,,,,,,,,,,,,,,,,,,,,,,,,,,,1.87,18.09,9.59,,,,,,,,,,,,,,,,,,,,,,,,,,Damage
Symmetra,Diamond,3.40,1.45,49.96,18.94,7.95,64,8554,,7.91,,,,,,,,,8.56,1.14,,,,,,,,,,,,,,,,,35,,,,,,,,,,,,,,,,,,,,,,,,,,,,,,,42,,,,,,,,,,,,,,,,,,,,,,,,,,,,,,,,,,,,1.89,21.63,9.07,,,,,,,,,,,,,,,,,,,,,,,,,,Damage
Symmetra,Master,3.33,1.33,51.07,18.30,7.49,61,8333,,7.85,,,,,,,,,8.11,1.11,,,,,,,,,,,,,,,,,35,,,,,,,,,,,,,,,,,,,,,,,,,,,,,,,43,,,,,,,,,,,,,,,,,,,,,,,,,,,,,,,,,,,,1.88,26.29,8.66,,,,,,,,,,,,,,,,,,,,,,,,,,Damage
Symmetra,Grandmaster,3.02,1.50,53.10,17.29,6.99,60,7938,,7.96,,,,,,,,,7.48,1.13,,,,,,,,,,,,,,,,,34,,,,,,,,,,,,,,,,,,,,,,,,,,,,,,,43,,,,,,,,,,,,,,,,,,,,,,,,,,,,,,,,,,,,1.85,33.76,8.19,,,,,,,,,,,,,,,,,,,,,,,,,,Damage
Wrecking Ball,All,4.91,1.20,48.24,17.42,7.08,120,7730,,5.80,,,,,,,,,,,33,,,,,10,,,,,,,,,,,,,,,,82,,,,,,,,,,,,,,,,,,,,,,,,,,,,,,,,,,,,,,,,,,,,,,,,,,,,,,,,,,,,,,,,,7.29,6.96,,,,,,,,,,,,,,,,,,,,,,,,Tank
Wrecking Ball,Bronze,5.77,0.49,44.71,15.87,7.22,127,7190,,5.82,,,,,,,,,,,31,,,,,10,,,,,,,,,,,,,,,,86,,,,,,,,,,,,,,,,,,,,,,,,,,,,,,,,,,,,,,,,,,,,,,,,,,,,,,,,,,,,,,,,,5.99,6.04,,,,,,,,,,,,,,,,,,,,,,,,Tank
Wrecking Ball,Silver,5.19,0.51,46.63,16.60,7.64,132,7404,,5.74,,,,,,,,,,,30,,,,,10,,,,,,,,,,,,,,,,90,,,,,,,,,,,,,,,,,,,,,,,,,,,,,,,,,,,,,,,,,,,,,,,,,,,,,,,,,,,,,,,,,6.22,6.44,,,,,,,,,,,,,,,,,,,,,,,,Tank
Wrecking Ball,Gold,4.97,0.56,46.55,17.11,7.58,129,7649,,5.83,,,,,,,,,,,31,,,,,11,,,,,,,,,,,,,,,,88,,,,,,,,,,,,,,,,,,,,,,,,,,,,,,,,,,,,,,,,,,,,,,,,,,,,,,,,,,,,,,,,,6.51,6.67,,,,,,,,,,,,,,,,,,,,,,,,Tank
Wrecking Ball,Platinum,4.94,1.13,47.64,17.48,7.37,125,7798,,5.80,,,,,,,,,,,32,,,,,10,,,,,,,,,,,,,,,,86,,,,,,,,,,,,,,,,,,,,,,,,,,,,,,,,,,,,,,,,,,,,,,,,,,,,,,,,,,,,,,,,,7.15,6.96,,,,,,,,,,,,,,,,,,,,,,,,Tank
Wrecking Ball,Diamond,4.89,1.87,48.23,17.69,7.08,117,7853,,5.84,,,,,,,,,,,33,,,,,10,,,,,,,,,,,,,,,,81,,,,,,,,,,,,,,,,,,,,,,,,,,,,,,,,,,,,,,,,,,,,,,,,,,,,,,,,,,,,,,,,,7.55,7.16,,,,,,,,,,,,,,,,,,,,,,,,Tank
Wrecking Ball,Master,4.85,2.85,47.65,17.55,6.70,110,7750,,5.83,,,,,,,,,,,34,,,,,10,,,,,,,,,,,,,,,,75,,,,,,,,,,,,,,,,,,,,,,,,,,,,,,,,,,,,,,,,,,,,,,,,,,,,,,,,,,,,,,,,,7.76,7.07,,,,,,,,,,,,,,,,,,,,,,,,Tank
Wrecking Ball,Grandmaster,4.78,4.48,50.03,17.49,6.21,102,7643,,5.49,,,,,,,,,,,35,,,,,10,,,,,,,,,,,,,,,,69,,,,,,,,,,,,,,,,,,,,,,,,,,,,,,,,,,,,,,,,,,,,,,,,,,,,,,,,,,,,,,,,,7.93,6.96,,,,,,,,,,,,,,,,,,,,,,,,Tank
Ramattra,All,3.94,2.12,49.12,19.68,8.15,121,9858,,6.52,,,,,,,,,,,24,,,,,,,,,,,,,,,,,,,,,71,,,,,,,,,,,,,,,,,,,,,,,,,,,,,,,,,,,,,,,,,,,,,,,,,,,,,,,,,,,,,,,,,,,63,12.82,6.28,5.22,,,,,,,,,,,,,,,,,,,,Tank
Ramattra,Bronze,3.71,1.41,49.96,18.32,8.34,132,8693,,6.85,,,,,,,,,,,24,,,,,,,,,,,,,,,,,,,,,75,,,,,,,,,,,,,,,,,,,,,,,,,,,,,,,,,,,,,,,,,,,,,,,,,,,,,,,,,,,,,,,,,,,54,11.17,5.59,4.65,,,,,,,,,,,,,,,,,,,,Tank
Ramattra,Silver,4.05,1.56,49.15,19.30,8.68,130,9259,,6.67,,,,,,,,,,,24,,,,,,,,,,,,,,,,,,,,,75,,,,,,,,,,,,,,,,,,,,,,,,,,,,,,,,,,,,,,,,,,,,,,,,,,,,,,,,,,,,,,,,,,,58,12.05,5.86,5.01,,,,,,,,,,,,,,,,,,,,Tank
Ramattra,Gold,3.99,1.73,49.27,19.72,8.56,128,9641,,6.54,,,,,,,,,,,24,,,,,,,,,,,,,,,,,,,,,75,,,,,,,,,,,,,,,,,,,,,,,,,,,,,,,,,,,,,,,,,,,,,,,,,,,,,,,,,,,,,,,,,,,61,12.59,6.09,5.23,,,,,,,,,,,,,,,,,,,,Tank
Ramattra,Platinum,4.01,2.32,48.78,19.89,8.27,122,9941,,6.54,,,,,,,,,,,24,,,,,,,,,,,,,,,,,,,,,71,,,,,,,,,,,,,,,,,,,,,,,,,,,,,,,,,,,,,,,,,,,,,,,,,,,,,,,,,,,,,,,,,,,63,12.96,6.33,5.36,,,,,,,,,,,,,,,,,,,,Tank
Ramattra,Diamond,3.83,2.66,48.26,19.87,7.89,115,10067,,6.54,,,,,,,,,,,24,,,,,,,,,,,,,,,,,,,,,67,,,,,,,,,,,,,,,,,,,,,,,,,,,,,,,,,,,,,,,,,,,,,,,,,,,,,,,,,,,,,,,,,,,65,13.17,6.47,5.31,,,,,,,,,,,,,,,,,,,,Tank
Ramattra,Master,3.74,2.80,47.96,19.21,7.45,112,9897,,6.54,,,,,,,,,,,24,,,,,,,,,,,,,,,,,,,,,66,,,,,,,,,,,,,,,,,,,,,,,,,,,,,,,,,,,,,,,,,,,,,,,,,,,,,,,,,,,,,,,,,,,66,12.79,6.44,5.01,,,,,,,,,,,,,,,,,,,,Tank
Ramattra,Grandmaster,3.71,3.39,49.99,18.68,6.95,106,9747,,6.53,,,,,,,,,,,24,,,,,,,,,,,,,,,,,,,,,62,,,,,,,,,,,,,,,,,,,,,,,,,,,,,,,,,,,,,,,,,,,,,,,,,,,,,,,,,,,,,,,,,,,67,12.59,6.47,4.66,,,,,,,,,,,,,,,,,,,,Tank
Torbjorn,All,3.11,1.46,50.86,17.84,7.25,49,9444,,6.81,,,,,,,,,8.42,1.42,26,,,,,8,,,,,,,,,,,,,,,,,,,,,,,,,,,,,,,,,,,,,,,,,,,,,,,,,,,,,,,,,,,,,,,,,,,,,,,,,,,,,,,,,,,,,,,0.37,9.01,2.43,,,,,,,,,,,,,,,,,Damage
Torbjorn,Bronze,3.16,1.17,50.27,17.66,7.77,53,9003,,6.81,,,,,,,,,8.40,1.62,23,,,,,8,,,,,,,,,,,,,,,,,,,,,,,,,,,,,,,,,,,,,,,,,,,,,,,,,,,,,,,,,,,,,,,,,,,,,,,,,,,,,,,,,,,,,,,0.30,10.07,2.34,,,,,,,,,,,,,,,,,Damage
Torbjorn,Silver,3.30,1.14,51.28,17.98,7.80,51,9249,,6.84,,,,,,,,,8.46,1.53,24,,,,,8,,,,,,,,,,,,,,,,,,,,,,,,,,,,,,,,,,,,,,,,,,,,,,,,,,,,,,,,,,,,,,,,,,,,,,,,,,,,,,,,,,,,,,,0.42,9.86,2.47,,,,,,,,,,,,,,,,,Damage
Torbjorn,Gold,3.28,1.18,50.96,18.15,7.70,50,9423,,6.77,,,,,,,,,8.52,1.49,25,,,,,8,,,,,,,,,,,,,,,,,,,,,,,,,,,,,,,,,,,,,,,,,,,,,,,,,,,,,,,,,,,,,,,,,,,,,,,,,,,,,,,,,,,,,,,0.34,9.57,2.51,,,,,,,,,,,,,,,,,Damage
Torbjorn,Platinum,3.22,1.42,50.95,18.14,7.36,48,9552,,6.77,,,,,,,,,8.52,1.42,26,,,,,8,,,,,,,,,,,,,,,,,,,,,,,,,,,,,,,,,,,,,,,,,,,,,,,,,,,,,,,,,,,,,,,,,,,,,,,,,,,,,,,,,,,,,,,0.38,9.13,2.52,,,,,,,,,,,,,,,,,Damage
Torbjorn,Diamond,2.94,1.92,49.87,17.74,6.99,49,9538,,6.91,,,,,,,,,8.46,1.39,27,,,,,8,,,,,,,,,,,,,,,,,,,,,,,,,,,,,,,,,,,,,,,,,,,,,,,,,,,,,,,,,,,,,,,,,,,,,,,,,,,,,,,,,,,,,,,0.36,8.61,2.39,,,,,,,,,,,,,,,,,Damage
Torbjorn,Master,2.84,2.67,50.23,17.29,6.68,50,9379,,6.86,,,,,,,,,8.12,1.36,28,,,,,8,,,,,,,,,,,,,,,,,,,,,,,,,,,,,,,,,,,,,,,,,,,,,,,,,,,,,,,,,,,,,,,,,,,,,,,,,,,,,,,,,,,,,,,0.38,8.25,2.28,,,,,,,,,,,,,,,,,Damage
Torbjorn,Grandmaster,2.66,3.10,49.71,16.28,6.21,53,9104,,6.91,,,,,,,,,7.61,1.22,27,,,,,8,,,,,,,,,,,,,,,,,,,,,,,,,,,,,,,,,,,,,,,,,,,,,,,,,,,,,,,,,,,,,,,,,,,,,,,,,,,,,,,,,,,,,,,0.32,7.79,2.03,,,,,,,,,,,,,,,,,Damage
Lifeweaver,All,3.52,1.19,39.76,3.80,1.79,53,827,8983,6.01,,,,,,,,,,,22,,,,,11,,,,,,,,,,,,,,,,,,,,,,,,,,,,,,,,,,,,,,,,,,,,,,,,,,,,,,,,,,,,,,,,,,,,,,,,,,,,,,,,,,,,,,,,,,1.42,3.79,,,,,,,,,,,,,,,Support
Lifeweaver,Bronze,3.59,0.90,39.15,4.11,1.98,52,903,8232,6.08,,,,,,,,,,,22,,,,,10,,,,,,,,,,,,,,,,,,,,,,,,,,,,,,,,,,,,,,,,,,,,,,,,,,,,,,,,,,,,,,,,,,,,,,,,,,,,,,,,,,,,,,,,,,1.15,4.11,,,,,,,,,,,,,,,Support
Lifeweaver,Silver,3.60,1.04,39.94,3.91,1.91,53,849,8689,6.05,,,,,,,,,,,22,,,,,11,,,,,,,,,,,,,,,,,,,,,,,,,,,,,,,,,,,,,,,,,,,,,,,,,,,,,,,,,,,,,,,,,,,,,,,,,,,,,,,,,,,,,,,,,,1.22,3.90,,,,,,,,,,,,,,,Support
Lifeweaver,Gold,3.72,1.19,41.61,3.79,1.83,54,815,9006,5.91,,,,,,,,,,,22,,,,,11,,,,,,,,,,,,,,,,,,,,,,,,,,,,,,,,,,,,,,,,,,,,,,,,,,,,,,,,,,,,,,,,,,,,,,,,,,,,,,,,,,,,,,,,,,1.33,3.78,,,,,,,,,,,,,,,Support
Lifeweaver,Platinum,3.60,1.26,39.78,3.82,1.79,53,809,9164,5.92,,,,,,,,,,,22,,,,,11,,,,,,,,,,,,,,,,,,,,,,,,,,,,,,,,,,,,,,,,,,,,,,,,,,,,,,,,,,,,,,,,,,,,,,,,,,,,,,,,,,,,,,,,,,1.43,3.81,,,,,,,,,,,,,,,Support
Lifeweaver,Diamond,3.33,1.30,39.09,3.75,1.70,53,822,9103,6.07,,,,,,,,,,,22,,,,,11,,,,,,,,,,,,,,,,,,,,,,,,,,,,,,,,,,,,,,,,,,,,,,,,,,,,,,,,,,,,,,,,,,,,,,,,,,,,,,,,,,,,,,,,,,1.52,3.74,,,,,,,,,,,,,,,Support
Lifeweaver,Master,3.07,1.19,35.47,3.87,1.65,50,885,8647,6.29,,,,,,,,,,,22,,,,,11,,,,,,,,,,,,,,,,,,,,,,,,,,,,,,,,,,,,,,,,,,,,,,,,,,,,,,,,,,,,,,,,,,,,,,,,,,,,,,,,,,,,,,,,,,1.59,3.87,,,,,,,,,,,,,,,Support
Lifeweaver,Grandmaster,2.71,0.90,32.84,3.97,1.66,47,975,7877,6.53,,,,,,,,,,,21,,,,,11,,,,,,,,,,,,,,,,,,,,,,,,,,,,,,,,,,,,,,,,,,,,,,,,,,,,,,,,,,,,,,,,,,,,,,,,,,,,,,,,,,,,,,,,,,1.70,3.96,,,,,,,,,,,,,,,Support
Sojourn,All,3.01,1.37,43.24,18.51,6.97,56,8418,,7.88,,,,,,,,,8.94,1.20,27,,,,,,,,,,,,,,,,,,,,,,,,,,,,,,,,,,,,,,,,,,,,,,,,,,,,,,,,,,,,,,,,,,,,,,,,,,,,,,,,,,,,,,,,,,,,,,,,,52,12,9.47,5.04,2.52,,,,,,,,,,Damage
Sojourn,Bronze,2.69,0.86,38.03,16.07,7.08,63,7557,,8.30,,,,,,,,,7.17,1.22,27,,,,,,,,,,,,,,,,,,,,,,,,,,,,,,,,,,,,,,,,,,,,,,,,,,,,,,,,,,,,,,,,,,,,,,,,,,,,,,,,,,,,,,,,,,,,,,,,,47,10,7.33,4.70,1.96,,,,,,,,,,Damage
Sojourn,Silver,2.79,0.84,41.09,17.26,7.29,62,7943,,8.13,,,,,,,,,7.86,1.26,27,,,,,,,,,,,,,,,,,,,,,,,,,,,,,,,,,,,,,,,,,,,,,,,,,,,,,,,,,,,,,,,,,,,,,,,,,,,,,,,,,,,,,,,,,,,,,,,,,49,10,8.19,4.99,2.16,,,,,,,,,,Damage
Sojourn,Gold,2.99,0.95,42.05,17.97,7.30,60,8174,,8.04,,,,,,,,,8.30,1.24,27,,,,,,,,,,,,,,,,,,,,,,,,,,,,,,,,,,,,,,,,,,,,,,,,,,,,,,,,,,,,,,,,,,,,,,,,,,,,,,,,,,,,,,,,,,,,,,,,,51,11,8.75,5.09,2.36,,,,,,,,,,Damage
Sojourn,Platinum,3.04,1.28,43.34,18.67,7.10,56,8447,,7.92,,,,,,,,,8.98,1.24,27,,,,,,,,,,,,,,,,,,,,,,,,,,,,,,,,,,,,,,,,,,,,,,,,,,,,,,,,,,,,,,,,,,,,,,,,,,,,,,,,,,,,,,,,,,,,,,,,,52,11,9.51,5.19,2.52,,,,,,,,,,Damage
Sojourn,Diamond,3.03,1.72,41.99,18.91,6.85,54,8584,,7.93,,,,,,,,,9.36,1.23,27,,,,,,,,,,,,,,,,,,,,,,,,,,,,,,,,,,,,,,,,,,,,,,,,,,,,,,,,,,,,,,,,,,,,,,,,,,,,,,,,,,,,,,,,,,,,,,,,,53,12,10.00,5.07,2.70,,,,,,,,,,Damage
Sojourn,Master,3.03,2.28,43.06,18.85,6.54,51,8603,,7.86,,,,,,,,,9.42,1.15,27,,,,,,,,,,,,,,,,,,,,,,,,,,,,,,,,,,,,,,,,,,,,,,,,,,,,,,,,,,,,,,,,,,,,,,,,,,,,,,,,,,,,,,,,,,,,,,,,,53,13,10.14,4.85,2.72,,,,,,,,,,Damage
Sojourn,Grandmaster,3.06,3.39,47.17,18.68,6.10,47,8696,,7.66,,,,,,,,,9.62,1.05,26,,,,,,,,,,,,,,,,,,,,,,,,,,,,,,,,,,,,,,,,,,,,,,,,,,,,,,,,,,,,,,,,,,,,,,,,,,,,,,,,,,,,,,,,,,,,,,,,,53,14,10.33,4.61,2.83,,,,,,,,,,Damage
Junker Queen,All,4.88,3.83,52.13,20.33,7.84,117,9697,,6.37,,,,,,,,,,,35,,,,,,,,,,,,,,,,,,,,,71,,,,,,,,,,,,,,,,,,,,,,,,,,,,,,,,,,,,,,,,,,,,,,,,,,,,,,,,,,,,,,,,,,,,,,,,,,,,,,,,,34,7.49,19,3.97,,,,,,Tank
Junker Queen,Bronze,4.78,1.33,48.62,18.17,7.98,134,8330,,6.48,,,,,,,,,,,32,,,,,,,,,,,,,,,,,,,,,81,,,,,,,,,,,,,,,,,,,,,,,,,,,,,,,,,,,,,,,,,,,,,,,,,,,,,,,,,,,,,,,,,,,,,,,,,,,,,,,,,33,6.77,18,3.52,,,,,,Tank
Junker Queen,Silver,4.85,1.59,51.01,19.25,8.30,133,8828,,6.38,,,,,,,,,,,34,,,,,,,,,,,,,,,,,,,,,79,,,,,,,,,,,,,,,,,,,,,,,,,,,,,,,,,,,,,,,,,,,,,,,,,,,,,,,,,,,,,,,,,,,,,,,,,,,,,,,,,34,7.14,18,3.77,,,,,,Tank
Junker Queen,Gold,4.99,2.07,50.90,19.81,8.19,129,9223,,6.38,,,,,,,,,,,35,,,,,,,,,,,,,,,,,,,,,77,,,,,,,,,,,,,,,,,,,,,,,,,,,,,,,,,,,,,,,,,,,,,,,,,,,,,,,,,,,,,,,,,,,,,,,,,,,,,,,,,34,7.37,19,3.91,,,,,,Tank
Junker Queen,Platinum,5.00,3.68,52.42,20.45,8.00,120,9673,,6.35,,,,,,,,,,,35,,,,,,,,,,,,,,,,,,,,,72,,,,,,,,,,,,,,,,,,,,,,,,,,,,,,,,,,,,,,,,,,,,,,,,,,,,,,,,,,,,,,,,,,,,,,,,,,,,,,,,,34,7.60,19,4.03,,,,,,Tank
Junker Queen,Diamond,4.87,5.72,51.78,20.80,7.75,111,10007,,6.40,,,,,,,,,,,35,,,,,,,,,,,,,,,,,,,,,68,,,,,,,,,,,,,,,,,,,,,,,,,,,,,,,,,,,,,,,,,,,,,,,,,,,,,,,,,,,,,,,,,,,,,,,,,,,,,,,,,34,7.67,20,4.09,,,,,,Tank
Junker Queen,Master,4.72,7.53,52.25,20.56,7.43,104,9999,,6.45,,,,,,,,,,,35,,,,,,,,,,,,,,,,,,,,,65,,,,,,,,,,,,,,,,,,,,,,,,,,,,,,,,,,,,,,,,,,,,,,,,,,,,,,,,,,,,,,,,,,,,,,,,,,,,,,,,,33,7.52,20,3.96,,,,,,Tank
Junker Queen,Grandmaster,4.53,11.45,52.87,20.02,6.98,99,9958,,6.38,,,,,,,,,,,34,,,,,,,,,,,,,,,,,,,,,62,,,,,,,,,,,,,,,,,,,,,,,,,,,,,,,,,,,,,,,,,,,,,,,,,,,,,,,,,,,,,,,,,,,,,,,,,,,,,,,,,32,7.16,19,3.77,,,,,,Tank
Echo,All,2.83,1.56,48.44,18.97,6.17,58,8452,,7.94,,,,,,,,,10.46,1.64,25,,,,,,,,,,,,,,,,,,,,,,,,,,,,,,,,,,,,,,,,,,,,,,,,,,,,,,,,,,,,,,,,,,,,,,,,,,,,,,,,,,,,,,,,,,,,,,,,,,,,,,,,,,37.58,7.86,26,8.72,3.86,Damage
Echo,Bronze,2.56,0.66,41.43,16.88,6.49,66,7427,,8.14,,,,,,,,,9.06,1.80,24,,,,,,,,,,,,,,,,,,,,,,,,,,,,,,,,,,,,,,,,,,,,,,,,,,,,,,,,,,,,,,,,,,,,,,,,,,,,,,,,,,,,,,,,,,,,,,,,,,,,,,,,,,33.44,6.79,24,7.89,3.29,Damage
Echo,Silver,2.81,0.79,44.95,18.13,6.70,65,7816,,7.99,,,,,,,,,9.63,1.77,24,,,,,,,,,,,,,,,,,,,,,,,,,,,,,,,,,,,,,,,,,,,,,,,,,,,,,,,,,,,,,,,,,,,,,,,,,,,,,,,,,,,,,,,,,,,,,,,,,,,,,,,,,,35.05,7.37,25,8.54,3.59,Damage
Echo,Gold,2.77,1.06,46.16,18.56,6.56,62,8037,,8.00,,,,,,,,,9.95,1.76,24,,,,,,,,,,,,,,,,,,,,,,,,,,,,,,,,,,,,,,,,,,,,,,,,,,,,,,,,,,,,,,,,,,,,,,,,,,,,,,,,,,,,,,,,,,,,,,,,,,,,,,,,,,35.94,7.59,26,8.63,3.74,Damage
Echo,Platinum,2.81,1.42,47.65,18.87,6.30,60,8361,,8.05,,,,,,,,,10.31,1.71,25,,,,,,,,,,,,,,,,,,,,,,,,,,,,,,,,,,,,,,,,,,,,,,,,,,,,,,,,,,,,,,,,,,,,,,,,,,,,,,,,,,,,,,,,,,,,,,,,,,,,,,,,,,37.47,7.79,26,8.71,3.84,Damage
Echo,Diamond,2.84,2.03,47.82,19.40,6.08,57,8671,,7.98,,,,,,,,,10.81,1.63,25,,,,,,,,,,,,,,,,,,,,,,,,,,,,,,,,,,,,,,,,,,,,,,,,,,,,,,,,,,,,,,,,,,,,,,,,,,,,,,,,,,,,,,,,,,,,,,,,,,,,,,,,,,38.44,8.11,26,8.91,4.01,Damage
Echo,Master,2.83,2.83,50.05,19.39,5.66,52,8900,,7.90,,,,,,,,,10.97,1.52,25,,,,,,,,,,,,,,,,,,,,,,,,,,,,,,,,,,,,,,,,,,,,,,,,,,,,,,,,,,,,,,,,,,,,,,,,,,,,,,,,,,,,,,,,,,,,,,,,,,,,,,,,,,39.28,8.13,26,8.75,4.08,Damage
Echo,Grandmaster,3.00,4.67,52.21,19.43,5.23,48,9236,,7.51,,,,,,,,,11.29,1.34,25,,,,,,,,,,,,,,,,,,,,,,,,,,,,,,,,,,,,,,,,,,,,,,,,,,,,,,,,,,,,,,,,,,,,,,,,,,,,,,,,,,,,,,,,,,,,,,,,,,,,,,,,,,40.23,8.24,26,8.66,4.04,Damage
